Total de registros,757,,,
Id STV,Id Flujo,Etiqueta,Estatus,Fecha de consulta
673,673,C2O-ABASTO-673-673-PTZ,Cámara con señal-Cámara grabando,04/12/2025 09:20
801,801,C2O-ABASTO-801-801-PTZ,Cámara sin señal-Cámara sin grabación,04/12/2025 09:20
1092,1092,C2O-ABASTO-1092-1092-PTZ,Cámara con señal-Cámara grabando,04/12/2025 09:20
1129,1129,C2O-GRANJA-1129-1129-PTZ-20M,Cámara sin señal-Cámara sin grabación,04/12/2025 09:20
1131,1131,C2O-ABASTO-1131-1131-PTZ,Cámara con señal-Cámara grabando,04/12/2025 09:20
1625,1625,C2O-ABASTO-1625-1625-PTZ,Cámara con señal/intermitente-Cámara grabando/intermitente,04/12/2025 09:20
1732,1732,C2O-ABASTO-1732-1732-PTZ,Cámara con señal-Cámara grabando,04/12/2025 09:20
4728,4728,C2O-ABASTO-4728-4728-PTZ,Cámara con señal-Cámara grabando,04/12/2025 09:20
4745,4745,C2O-ABASTO-4745-4745-PTZ,Cámara con señal-Cámara grabando,04/12/2025 09:20
4781,4781,C2O-ABASTO-4781-4781-PTZ,Cámara con señal-Cámara grabando,04/12/2025 09:20
4814,4814,C2O-ABASTO-4814-4814-PTZ,Cámara sin señal-Cámara sin grabación,04/12/2025 09:20
4902,4902,C2O-GRANJA-4902-4902-PTZ,Cámara con señal-Cámara grabando,04/12/2025 09:20
4905,4905,C2O-GRANJA-4905-4905-PTZ,Cámara con señal/intermitente-Cámara grabando/intermitente,04/12/2025 09:20
4907,4907,C2O-GRANJA-4907-4907-PTZ,Cámara con señal-Cámara grabando,04/12/2025 09:20
4933,4933,C2O-ABASTO-4933-4933-PTZ,Cámara con señal-Cámara grabando,04/12/2025 09:20
4942,4942,C2O-ABASTO-4942-4942-PTZ,Cámara con señal-Cámara grabando,04/12/2025 09:20
4950,4950,C2O-ABASTO-4950-4950-PTZ,Cámara con señal-Cámara grabando,04/12/2025 09:20
4957,4957,C2O-ABASTO-4957-4957-PTZ,Cámara sin señal-Cámara sin grabación,04/12/2025 09:20
5000,5000,C2O-ABASTO-5000-5000-PTZ,Cámara con señal-Cámara grabando,04/12/2025 09:20
5051,5051,C2O-ABASTO-5051-5051-PTZ,Cámara con señal-Cámara grabando,04/12/2025 09:20
5104,5104,C2O-ABASTO-5104-5104-PTZ,Cámara con señal-Cámara grabando,04/12/2025 09:20
5211,5211,C2O-ABASTO-5211-5211-PTZ,Cámara sin señal-Cámara sin grabación,04/12/2025 09:20
5234,5234,C2O-ABASTO-5234-5234-PTZ,Cámara con señal-Cámara grabando,04/12/2025 09:20
7119,7119,C2O-ABASTO-7119-7119-PTZ,Cámara con señal-Cámara grabando,04/12/2025 09:20
7146,7146,C2O-ABASTO-7146-7146-PTZ,Cámara con señal-Cámara grabando,04/12/2025 09:20
15197,15197,C2O-ABASTO-15197-15197-PTZ,Cámara sin señal-Cámara sin grabación,04/12/2025 09:20
15198,15198,C2O-ABASTO-15198-15198-PTZ,Cámara sin señal-Cámara sin grabación,04/12/2025 09:20
15199,15199,C2O-ABASTO-15199-15199-PTZ,Cámara con señal/intermitente-Cámara grabando/intermitente,04/12/2025 09:20
15200,15200,C2O-ABASTO-15200-15200-PTZ,Cámara con señal-Cámara grabando,04/12/2025 09:20
15215,15215,C2O-ABASTO-15215-15215-PTZ,Cámara con señal-Cámara grabando,04/12/2025 09:20
15253,15253,C2O-ABASTO-15253-15253-PTZ,Cámara con señal-Cámara grabando,04/12/2025 09:20
15254,15254,C2O-ABASTO-15254-15254-PTZ,Cámara con señal-Cámara grabando,04/12/2025 09:20
15255,15255,C2O-ABASTO-15255-15255-PTZ,Cámara con señal-Cámara grabando,04/12/2025 09:20
15256,15256,C2O-ABASTO-15256-15256-PTZ,Cámara con señal-Cámara grabando,04/12/2025 09:20
15259,15259,C2O-ABASTO-15259-15259-PTZ,Cámara con señal-Cámara grabando,04/12/2025 09:20
15276,15276,C2O-GRANJA-15276-15276-PTZ,Cámara sin señal-Cámara sin grabación,04/12/2025 09:20
15387,15387,C2O-ABASTO-15387-15387-PTZ,Cámara con señal-Cámara grabando,04/12/2025 09:20
16223,16223,C2O-ABASTO-16223-16223-PTZ,Cámara con señal-Cámara grabando,04/12/2025 09:20
16963,16963,C2O-ABASTO-16963-16963-PTZ,Cámara sin señal-Cámara sin grabación,04/12/2025 09:20
16964,16964,C2O-ABASTO-16964-16964-PTZ,Cámara con señal-Cámara grabando,04/12/2025 09:20
16965,16965,C2O-ABASTO-16965-16965-PTZ,Cámara con señal-Cámara grabando,04/12/2025 09:20
18000,18000,MURO_1/CAMELLON-18000-PTZ-20M-4K,Cámara con señal-Cámara grabando,04/12/2025 09:20
18001,18001,MURO_1/ACCESO_SALIDA_PEATONAL_1-18001-FACIAL,Cámara con señal-Cámara grabando,04/12/2025 09:20
18002,18002,MURO_1/CARRIL_1-18002-LPR,Cámara con señal-Cámara grabando,04/12/2025 09:20
18003,18003,MURO_1/CARRIL_2-18003-LPR,Cámara con señal-Cámara grabando,04/12/2025 09:20
18004,18004,MURO_1/CARRIL_3-18004-LPR,Cámara con señal-Cámara grabando,04/12/2025 09:20
18005,18005,MURO_1/CARRIL_4-18005-LPR,Cámara con señal-Cámara grabando,04/12/2025 09:20
18006,18006,MURO_1/CARRIL_5-18006-LPR,Cámara con señal-Cámara grabando,04/12/2025 09:20
18007,18007,MURO_1/CARRIL_6-18007-LPR,Cámara con señal-Cámara grabando,04/12/2025 09:20
18008,18008,MURO_1/CARRIL_7-18008-LPR,Cámara con señal-Cámara grabando,04/12/2025 09:20
18009,18009,MURO_1/CARRIL_8-18009-LPR,Cámara con señal-Cámara grabando,04/12/2025 09:20
18010,18010,MURO_1/CARRIL_9-18010-LPR,Cámara con señal-Cámara grabando,04/12/2025 09:20
18011,18011,MURO_1/ACCESO_SALIDA_PEATONAL_2-18011-FACIAL,Cámara con señal-Cámara grabando,04/12/2025 09:20
18012,18012,MURO_1/SALIDA_CEDA-18012-PTZ,Cámara con señal-Cámara grabando,04/12/2025 09:20
18013,18013,MURO_1/PEATONAL_1-18013-FACIAL,Cámara con señal-Cámara grabando,04/12/2025 09:20
18014,18014,MURO_1/CASETA_SALIDA_1-18014-PTZ,Cámara con señal-Cámara grabando,04/12/2025 09:20
18015,18015,MURO_1/CASETA_SALIDA_2-18015-FIJA,Cámara con señal-Cámara grabando,04/12/2025 09:20
18016,18016,MURO_1/PEATONAL_2-18016-FACIAL,Cámara con señal-Cámara grabando,04/12/2025 09:20
18017,18017,ADMIN/CORRALON-18017-FIJA,Cámara con señal-Cámara grabando,04/12/2025 09:20
18018,18018,ADMIN/CORRALON-18018-PTZ,Cámara con señal-Cámara grabando,04/12/2025 09:20
18019,18019,ADMIN/ESTACIONAMIENTO-18019-FIJA,Cámara sin señal-Cámara sin grabación,04/12/2025 09:20
18020,18020,ADMIN/ESTACIONAMIENTO-18020-PTZ,Cámara con señal-Cámara grabando,04/12/2025 09:20
18021,18021,ADMIN/VIALIDAD_MILITARES-18021-PTZ,Cámara con señal-Cámara grabando,04/12/2025 09:20
18022,18022,ADMIN/PASILLO_R_H-18022-FIJA,Cámara con señal-Cámara grabando,04/12/2025 09:20
18023,18023,ADMIN/MODULO_LICENCIAS-18023-FIJA,Cámara con señal/intermitente-Cámara grabando/intermitente,04/12/2025 09:20
18024,18024,ADMIN/TALLER_MECANICO-18024-FIJA,Cámara sin señal-Cámara sin grabación,04/12/2025 09:20
18025,18025,ADMIN/HELIPUERTO-18025-PTZ,Cámara con señal-Cámara grabando,04/12/2025 09:20
18026,18026,ADMIN/JARDIN-18026-FIJA,Cámara con señal-Cámara grabando,04/12/2025 09:20
18027,18027,ADMIN/VIALIDAD_UNOS-18027-FIJA,Cámara con señal-Cámara grabando,04/12/2025 09:20
18028,18028,PARADEROS/AZTECAS-18028-PTZ,Cámara con señal-Cámara grabando,04/12/2025 09:20
18029,18029,PARADEROS/PONIENTE-18029-LPR,Cámara con señal-Cámara grabando,04/12/2025 09:20
18030,18030,PARADEROS/PONIENTE-18030-FIJA,Cámara con señal-Cámara grabando,04/12/2025 09:20
18031,18031,PARADEROS/PONIENTE_1-18031-FACIAL,Cámara con señal-Cámara grabando,04/12/2025 09:20
18032,18032,PARADEROS/PONIENTE_2-18032-FACIAL,Cámara con señal-Cámara grabando,04/12/2025 09:20
18033,18033,PARADEROS/PONIENTE_RTP-18033-PTZ-4K,Cámara con señal-Cámara grabando,04/12/2025 09:20
18034,18034,MURO_11/PEATONAL_1-18034-FACIAL,Cámara con señal-Cámara grabando,04/12/2025 09:20
18035,18035,MURO_11/PEATONAL_2-18035-FACIAL,Cámara con señal-Cámara grabando,04/12/2025 09:20
18036,18036,MURO_11/PEATONAL_3-18036-FACIAL,Cámara con señal-Cámara grabando,04/12/2025 09:20
18037,18037,MURO_11/PEATONAL_4-18037-FACIAL,Cámara con señal-Cámara grabando,04/12/2025 09:20
18038,18038,MURO_11/PEATONAL_5-18038-FACIAL,Cámara con señal-Cámara grabando,04/12/2025 09:20
18039,18039,MURO_11/PEATONAL_6-18039-FACIAL,Cámara con señal-Cámara grabando,04/12/2025 09:20
18040,18040,PENS_Y_PERN/PATIO_TRASERO_1-18040-FIJA,Cámara con señal-Cámara grabando,04/12/2025 09:20
18041,18041,PENS_Y_PERN/PATIO_FRONTAL-18041-PTZ,Cámara con señal-Cámara grabando,04/12/2025 09:20
18042,18042,PENS_Y_PERN/CAMELLON_CORREDOR_ECO-18042-PTZ,Cámara con señal-Cámara grabando,04/12/2025 09:20
18043,18043,PENS_Y_PERN/PATIO_TRASERO_2-18043-FIJA,Cámara con señal-Cámara grabando,04/12/2025 09:20
18044,18044,PENS_Y_PERN/INGRESO_1-18044-PTZ,Cámara con señal-Cámara grabando,04/12/2025 09:20
18045,18045,PENS_Y_PERN/PATIO_TRASERO_3-18045-FIJA,Cámara con señal-Cámara grabando,04/12/2025 09:20
18046,18046,PENS_Y_PERN/VIALIDAD_UNOS-18046-FIJA,Cámara sin señal-Cámara sin grabación,04/12/2025 09:20
18047,18047,PENS_Y_PERN/PATIO_TRASERO-18047-PTZ,Cámara sin señal-Cámara sin grabación,04/12/2025 09:20
18048,18048,PENS_Y_PERN/INGRESO_2-18048-FIJA,Cámara con señal-Cámara grabando,04/12/2025 09:20
18049,18049,MURO_10/ENTRADA-18049-PTZ,Cámara sin señal-Cámara sin grabación,04/12/2025 09:20
18050,18050,MURO_10/CASETA_COBRO_1-18050-LPR,Cámara sin señal-Cámara sin grabación,04/12/2025 09:20
18051,18051,MURO_10/CASETA_COBRO_2-18051-LPR,Cámara con señal-Cámara grabando,04/12/2025 09:20
18052,18052,MURO_10/CASETA_COBRO_3-18052-LPR,Cámara con señal-Cámara grabando,04/12/2025 09:20
18053,18053,MURO_10/PEATONAL_1-18053-FACIAL,Cámara con señal-Cámara grabando,04/12/2025 09:20
18054,18054,MURO_10/PEATONAL_2-18054-FACIAL,Cámara con señal-Cámara grabando,04/12/2025 09:20
18055,18055,ABARR_Y_VIVE/CAMELLON-18055-FIJA,Cámara con señal-Cámara grabando,04/12/2025 09:20
18056,18056,MURO_3/SALIDA-18056-FIJA,Cámara con señal-Cámara grabando,04/12/2025 09:20
18057,18057,MURO_3/PEATONAL-18057-FACIAL,Cámara con señal-Cámara grabando,04/12/2025 09:20
18058,18058,ABARR_Y_VIVE/NAVE_A1-18058-PTZ,Cámara con señal-Cámara grabando,04/12/2025 09:20
18059,18059,ABARR_Y_VIVE/NAVE_A-18059-PTZ,Cámara con señal-Cámara grabando,04/12/2025 09:20
18060,18060,ABARR_Y_VIVE/NAVE_A2-18060-FIJA,Cámara con señal-Cámara grabando,04/12/2025 09:20
18061,18061,ABARR_Y_VIVE/NAVE_A-18061-PTZ-4K,Cámara con señal-Cámara grabando,04/12/2025 09:20
18062,18062,ABARR_Y_VIVE/NAVE_A3-18062-PTZ,Cámara con señal-Cámara grabando,04/12/2025 09:20
18063,18063,ABARR_Y_VIVE/NAVE_A-18063-PTZ-20M-4K,Cámara sin señal-Cámara sin grabación,04/12/2025 09:20
18064,18064,ABARR_Y_VIVE/ESTACIONAMIENTO_1-18064-PTZ,Cámara con señal-Cámara grabando,04/12/2025 09:20
18065,18065,ABARR_Y_VIVE/NAVE_A_B1-18065-PTZ,Cámara con señal-Cámara grabando,04/12/2025 09:20
18066,18066,ABARR_Y_VIVE/NAVE_A4-18066-FIJA,Cámara con señal-Cámara grabando,04/12/2025 09:20
18067,18067,ABARR_Y_VIVE/NAVE_B1-18067-FIJA,Cámara con señal-Cámara grabando,04/12/2025 09:20
18068,18068,ABARR_Y_VIVE/NAVE_A4-18068-PTZ,Cámara con señal-Cámara grabando,04/12/2025 09:20
18069,18069,ABARR_Y_VIVE/NAVE_B1-18069-PTZ,Cámara con señal-Cámara grabando,04/12/2025 09:20
18070,18070,ABARR_Y_VIVE/NAVE_A-18070-FACIAL,Cámara con señal-Cámara grabando,04/12/2025 09:20
18071,18071,ABARR_Y_VIVE/NAVE_B-18071-FACIAL,Cámara con señal-Cámara grabando,04/12/2025 09:20
18072,18072,ABARR_Y_VIVE/NAVE_A_B2-18072-PTZ,Cámara con señal-Cámara grabando,04/12/2025 09:20
18073,18073,ABARR_Y_VIVE/NAVE_A_B-18073-FIJA,Cámara con señal-Cámara grabando,04/12/2025 09:20
18074,18074,ABARR_Y_VIVE/NAVE_B2-18074-FIJA,Cámara con señal-Cámara grabando,04/12/2025 09:20
18075,18075,ABARR_Y_VIVE/NAVE_B2-18075-PTZ,Cámara con señal-Cámara grabando,04/12/2025 09:20
18076,18076,ABARR_Y_VIVE/NAVE_B3-18076-FIJA,Cámara con señal-Cámara grabando,04/12/2025 09:20
18077,18077,ABARR_Y_VIVE/NAVE_B3-18077-PTZ,Cámara con señal-Cámara grabando,04/12/2025 09:20
18078,18078,ABARR_Y_VIVE/NAVE_C1-18078-PTZ,Cámara con señal-Cámara grabando,04/12/2025 09:20
18079,18079,ABARR_Y_VIVE/NAVE_C1-18079-FIJA,Cámara con señal-Cámara grabando,04/12/2025 09:20
18080,18080,ABARR_Y_VIVE/NAVE_C2-18080-PTZ,Cámara con señal-Cámara grabando,04/12/2025 09:20
18081,18081,ABARR_Y_VIVE/NAVE_C2-18081-FIJA,Cámara con señal-Cámara grabando,04/12/2025 09:20
18082,18082,ABARR_Y_VIVE/NAVE_C_D-18082-FIJA,Cámara con señal-Cámara grabando,04/12/2025 09:20
18083,18083,ABARR_Y_VIVE/NAVE_C_D-18083-PTZ-4K,Cámara con señal-Cámara grabando,04/12/2025 09:20
18084,18084,ABARR_Y_VIVE/NAVE_C3-18084-FIJA,Cámara sin señal-Cámara sin grabación,04/12/2025 09:20
18085,18085,ABARR_Y_VIVE/NAVE_D1-18085-FIJA,Cámara con señal-Cámara grabando,04/12/2025 09:20
18086,18086,ABARR_Y_VIVE/NAVE_C3-18086-PTZ,Cámara con señal-Cámara grabando,04/12/2025 09:20
18087,18087,ABARR_Y_VIVE/NAVE_D1-18087-PTZ,Cámara con señal-Cámara grabando,04/12/2025 09:20
18088,18088,ABARR_Y_VIVE/NAVE_C4-18088-FIJA,Cámara con señal-Cámara grabando,04/12/2025 09:20
18089,18089,ABARR_Y_VIVE/NAVE_D2-18089-FIJA,Cámara con señal-Cámara grabando,04/12/2025 09:20
18090,18090,ABARR_Y_VIVE/NAVE_C_D-18090-PTZ,Cámara con señal-Cámara grabando,04/12/2025 09:20
18091,18091,ABARR_Y_VIVE/ESTACIONAMIENTO_2-18091-PTZ,Cámara con señal-Cámara grabando,04/12/2025 09:20
18092,18092,ABARR_Y_VIVE/NAVE_D3-18092-FIJA,Cámara con señal-Cámara grabando,04/12/2025 09:20
18093,18093,ABARR_Y_VIVE/NAVE_D2-18093-PTZ,Cámara con señal-Cámara grabando,04/12/2025 09:20
18094,18094,ABARR_Y_VIVE/NAVE_D4-18094-FIJA,Cámara con señal-Cámara grabando,04/12/2025 09:20
18095,18095,ABARR_Y_VIVE/NAVE_D3-18095-PTZ,Cámara con señal-Cámara grabando,04/12/2025 09:20
18096,18096,ABARR_Y_VIVE/NAVE_E1-18096-PTZ,Cámara con señal-Cámara grabando,04/12/2025 09:20
18097,18097,ABARR_Y_VIVE/NAVE_E1-18097-FIJA,Cámara con señal-Cámara grabando,04/12/2025 09:20
18098,18098,ABARR_Y_VIVE/NAVE_E2-18098-PTZ,Cámara con señal-Cámara grabando,04/12/2025 09:20
18099,18099,ABARR_Y_VIVE/NAVE_E2-18099-FIJA,Cámara con señal-Cámara grabando,04/12/2025 09:20
18100,18100,ABARR_Y_VIVE/ESTACIONAMIENTO_3-18100-PTZ,Cámara con señal-Cámara grabando,04/12/2025 09:20
18101,18101,ABARR_Y_VIVE/NAVE_E_F1-18101-PTZ,Cámara con señal-Cámara grabando,04/12/2025 09:20
18102,18102,ABARR_Y_VIVE/NAVE_E3-18102-FIJA,Cámara con señal-Cámara grabando,04/12/2025 09:20
18103,18103,ABARR_Y_VIVE/NAVE_F1-18103-FIJA,Cámara con señal-Cámara grabando,04/12/2025 09:20
18104,18104,ABARR_Y_VIVE/NAVE_E3-18104-PTZ,Cámara con señal-Cámara grabando,04/12/2025 09:20
18105,18105,ABARR_Y_VIVE/NAVE_F1-18105-PTZ,Cámara con señal-Cámara grabando,04/12/2025 09:20
18106,18106,ABARR_Y_VIVE/NAVE_E4-18106-FIJA,Cámara con señal-Cámara grabando,04/12/2025 09:20
18107,18107,ABARR_Y_VIVE/NAVE_F2-18107-FIJA,Cámara con señal-Cámara grabando,04/12/2025 09:20
18108,18108,ABARR_Y_VIVE/NAVE_E_F2-18108-PTZ,Cámara con señal-Cámara grabando,04/12/2025 09:20
18109,18109,ABARR_Y_VIVE/NAVE_E_F1-18109-FIJA,Cámara con señal-Cámara grabando,04/12/2025 09:20
18110,18110,ABARR_Y_VIVE/NAVE_F3-18110-FIJA,Cámara con señal-Cámara grabando,04/12/2025 09:20
18111,18111,ABARR_Y_VIVE/NAVE_F2-18111-PTZ,Cámara con señal-Cámara grabando,04/12/2025 09:20
18112,18112,ABARR_Y_VIVE/NAVE_F4-18112-FIJA,Cámara con señal-Cámara grabando,04/12/2025 09:20
18113,18113,ABARR_Y_VIVE/NAVE_F3-18113-PTZ,Cámara con señal-Cámara grabando,04/12/2025 09:20
18114,18114,ABARR_Y_VIVE/NAVE_G1-18114-PTZ,Cámara con señal-Cámara grabando,04/12/2025 09:20
18115,18115,ABARR_Y_VIVE/NAVE_G1-18115-FIJA,Cámara con señal-Cámara grabando,04/12/2025 09:20
18116,18116,ABARR_Y_VIVE/NAVE_G2-18116-PTZ,Cámara con señal-Cámara grabando,04/12/2025 09:20
18117,18117,ABARR_Y_VIVE/NAVE_G2-18117-FIJA,Cámara con señal-Cámara grabando,04/12/2025 09:20
18118,18118,ABARR_Y_VIVE/NAVE_G_H-18118-FIJA,Cámara con señal-Cámara grabando,04/12/2025 09:20
18119,18119,ABARR_Y_VIVE/NAVE_G_H-18119-PTZ,Cámara con señal-Cámara grabando,04/12/2025 09:20
18120,18120,ABARR_Y_VIVE/NAVE_G3-18120-FIJA,Cámara con señal-Cámara grabando,04/12/2025 09:20
18121,18121,ABARR_Y_VIVE/NAVE_H1-18121-FIJA,Cámara con señal-Cámara grabando,04/12/2025 09:20
18122,18122,ABARR_Y_VIVE/NAVE_G3-18122-PTZ,Cámara con señal-Cámara grabando,04/12/2025 09:20
18123,18123,ABARR_Y_VIVE/NAVE_H1-18123-PTZ,Cámara con señal-Cámara grabando,04/12/2025 09:20
18124,18124,ABARR_Y_VIVE/NAVE_G4-18124-FIJA,Cámara con señal-Cámara grabando,04/12/2025 09:20
18125,18125,ABARR_Y_VIVE/NAVE_H2-18125-FIJA,Cámara con señal-Cámara grabando,04/12/2025 09:20
18126,18126,ABARR_Y_VIVE/NAVE_G_H-18126-PTZ-4K,Cámara con señal-Cámara grabando,04/12/2025 09:20
18127,18127,ABARR_Y_VIVE/ESTACIONAMIENTO_4-18127-PTZ,Cámara con señal-Cámara grabando,04/12/2025 09:20
18128,18128,ABARR_Y_VIVE/NAVE_H3-18128-FIJA,Cámara con señal-Cámara grabando,04/12/2025 09:20
18129,18129,ABARR_Y_VIVE/NAVE_H2-18129-PTZ,Cámara con señal-Cámara grabando,04/12/2025 09:20
18130,18130,ABARR_Y_VIVE/NAVE_H4-18130-FIJA,Cámara con señal-Cámara grabando,04/12/2025 09:20
18131,18131,ABARR_Y_VIVE/NAVE_H5-18131-PTZ,Cámara con señal-Cámara grabando,04/12/2025 09:20
18132,18132,ABARR_Y_VIVE/NAVE_H3-18132-PTZ,Cámara con señal-Cámara grabando,04/12/2025 09:20
18133,18133,ABARR_Y_VIVE/NAVE_H6-18133-FIJA,Cámara con señal-Cámara grabando,04/12/2025 09:20
18134,18134,ABARR_Y_VIVE/NAVE_A_AEREO_1-18134-PTZ,Cámara sin señal-Cámara sin grabación,04/12/2025 09:20
18135,18135,ABARR_Y_VIVE/NAVE_B_C_AEREO-18135-PTZ,Cámara con señal-Cámara grabando,04/12/2025 09:20
18136,18136,ABARR_Y_VIVE/NAVE_B_C_AEREO_1-18136-FIJA,Cámara con señal-Cámara grabando,04/12/2025 09:20
18137,18137,ABARR_Y_VIVE/NAVE_D_E-18137-PTZ,Cámara con señal-Cámara grabando,04/12/2025 09:20
18138,18138,ABARR_Y_VIVE/NAVE_D_E-18138-FIJA,Cámara con señal-Cámara grabando,04/12/2025 09:20
18139,18139,ABARR_Y_VIVE/NAVE_F_G_AEREO_1-18139-PTZ,Cámara con señal-Cámara grabando,04/12/2025 09:20
18140,18140,ABARR_Y_VIVE/NAVE_F_G_AEREO_1-18140-FIJA,Cámara con señal-Cámara grabando,04/12/2025 09:20
18141,18141,ABARR_Y_VIVE/NAVE_H_AEREO-18141-PTZ,Cámara con señal-Cámara grabando,04/12/2025 09:20
18142,18142,ABARR_Y_VIVE/NAVE_A_AEREO_2-18142-PTZ,Cámara con señal-Cámara grabando,04/12/2025 09:20
18143,18143,ABARR_Y_VIVE/NAVE_B_C1-18143-PTZ,Cámara con señal-Cámara grabando,04/12/2025 09:20
18144,18144,ABARR_Y_VIVE/NAVE_B_C-18144-FIJA,Cámara con señal-Cámara grabando,04/12/2025 09:20
18145,18145,ABARR_Y_VIVE/NAVE_D_E_AEREO_1-18145-PTZ,Cámara con señal-Cámara grabando,04/12/2025 09:20
18146,18146,ABARR_Y_VIVE/NAVE_D_E_AEREO_1-18146-FIJA,Cámara con señal-Cámara grabando,04/12/2025 09:20
18147,18147,ABARR_Y_VIVE/NAVE_F_G-18147-PTZ,Cámara con señal-Cámara grabando,04/12/2025 09:20
18148,18148,ABARR_Y_VIVE/NAVE_F_G-18148-FIJA,Cámara con señal-Cámara grabando,04/12/2025 09:20
18149,18149,ABARR_Y_VIVE/NAVE_H_I_AEREO-18149-PTZ-4K,Cámara con señal-Cámara grabando,04/12/2025 09:20
18150,18150,ABARR_Y_VIVE/NAVE_B_C2-18150-PTZ,Cámara con señal-Cámara grabando,04/12/2025 09:20
18151,18151,ABARR_Y_VIVE/NAVE_B_C_AEREO_2-18151-FIJA,Cámara con señal-Cámara grabando,04/12/2025 09:20
18152,18152,ABARR_Y_VIVE/NAVE_D_E_AEREO_2-18152-PTZ,Cámara con señal-Cámara grabando,04/12/2025 09:20
18153,18153,ABARR_Y_VIVE/NAVE_D_E_AEREO_2-18153-FIJA,Cámara con señal-Cámara grabando,04/12/2025 09:20
18154,18154,ABARR_Y_VIVE/NAVE_F_G_AEREO_2-18154-PTZ,Cámara con señal-Cámara grabando,04/12/2025 09:20
18155,18155,ABARR_Y_VIVE/NAVE_F_G_AEREO_2-18155-18155-FIJA,Cámara con señal-Cámara grabando,04/12/2025 09:20
18156,18156,ABARR_Y_VIVE/NAVE_H_AEREO-18156-PTZ-4K,Cámara con señal-Cámara grabando,04/12/2025 09:20
18157,18157,FRUT_Y_LEG/NAVE_I1-18157-FIJA,Cámara con señal-Cámara grabando,04/12/2025 09:20
18158,18158,FRUT_Y_LEG/NAVE_I1-18158-PTZ,Cámara con señal-Cámara grabando,04/12/2025 09:20
18159,18159,FRUT_Y_LEG/NAVE_I2-18159-FIJA,Cámara con señal-Cámara grabando,04/12/2025 09:20
18160,18160,FRUT_Y_LEG/NAVE_I3-18160-FIJA,Cámara con señal-Cámara grabando,04/12/2025 09:20
18161,18161,FRUT_Y_LEG/NAVE_I2-18161-PTZ,Cámara con señal-Cámara grabando,04/12/2025 09:20
18162,18162,FRUT_Y_LEG/NAVE_I4-18162-FIJA,Cámara con señal-Cámara grabando,04/12/2025 09:20
18163,18163,FRUT_Y_LEG/NAVE_I5-18163-FIJA,Cámara con señal-Cámara grabando,04/12/2025 09:20
18164,18164,FRUT_Y_LEG/NAVE_I3-18164-PTZ,Cámara con señal-Cámara grabando,04/12/2025 09:20
18165,18165,FRUT_Y_LEG/NAVE_I6-18165-FIJA,Cámara con señal-Cámara grabando,04/12/2025 09:20
18166,18166,FRUT_Y_LEG/NAVE_I7-18166-FIJA,Cámara con señal-Cámara grabando,04/12/2025 09:20
18167,18167,FRUT_Y_LEG/NAVE_I4-18167-PTZ,Cámara con señal-Cámara grabando,04/12/2025 09:20
18168,18168,FRUT_Y_LEG/NAVE_I8-18168-FIJA,Cámara con señal-Cámara grabando,04/12/2025 09:20
18169,18169,FRUT_Y_LEG/NAVE_ESTACIONAMIENTO_1-18169-PTZ,Cámara con señal-Cámara grabando,04/12/2025 09:20
18170,18170,FRUT_Y_LEG/NAVE_I_J-18170-PTZ-4K,Cámara con señal-Cámara grabando,04/12/2025 09:20
18171,18171,FRUT_Y_LEG/NAVE_I9-18171-FIJA,Cámara con señal-Cámara grabando,04/12/2025 09:20
18172,18172,FRUT_Y_LEG/NAVE_J1-18172-FIJA,Cámara con señal-Cámara grabando,04/12/2025 09:20
18173,18173,FRUT_Y_LEG/NAVE_I5-18173-PTZ,Cámara con señal-Cámara grabando,04/12/2025 09:20
18174,18174,FRUT_Y_LEG/NAVE_J1-18174-PTZ,Cámara con señal-Cámara grabando,04/12/2025 09:20
18175,18175,FRUT_Y_LEG/NAVE_I1-18175-FACIAL,Cámara con señal-Cámara grabando,04/12/2025 09:20
18176,18176,FRUT_Y_LEG/NAVE_J1-18176-FACIAL,Cámara con señal-Cámara grabando,04/12/2025 09:20
18177,18177,FRUT_Y_LEG/NAVE_I6-18177-PTZ,Cámara con señal-Cámara grabando,04/12/2025 09:20
18178,18178,FRUT_Y_LEG/NAVE_J2-18178-PTZ,Cámara con señal-Cámara grabando,04/12/2025 09:20
18179,18179,FRUT_Y_LEG/NAVE_I10-18179-FIJA,Cámara con señal-Cámara grabando,04/12/2025 09:20
18180,18180,FRUT_Y_LEG/NAVE_J2-18180-FIJA,Cámara con señal-Cámara grabando,04/12/2025 09:20
18181,18181,FRUT_Y_LEG/NAVE_I7-18181-PTZ,Cámara con señal-Cámara grabando,04/12/2025 09:20
18182,18182,FRUT_Y_LEG/NAVE_J3-18182-PTZ,Cámara con señal-Cámara grabando,04/12/2025 09:20
18183,18183,FRUT_Y_LEG/NAVE_I2-18183-FACIAL,Cámara con señal-Cámara grabando,04/12/2025 09:20
18184,18184,FRUT_Y_LEG/NAVE_J2-18184-FACIAL,Cámara con señal-Cámara grabando,04/12/2025 09:20
18185,18185,FRUT_Y_LEG/NAVE_I_J-18185-PTZ,Cámara con señal-Cámara grabando,04/12/2025 09:20
18186,18186,FRUT_Y_LEG/NAVE_I_J-18186-FIJA,Cámara con señal-Cámara grabando,04/12/2025 09:20
18187,18187,FRUT_Y_LEG/NAVE_J3-18187-FIJA,Cámara con señal-Cámara grabando,04/12/2025 09:20
18188,18188,FRUT_Y_LEG/NAVE_J4-18188-PTZ,Cámara con señal-Cámara grabando,04/12/2025 09:20
18189,18189,FRUT_Y_LEG/NAVE_J4-18189-FIJA,Cámara con señal-Cámara grabando,04/12/2025 09:20
18190,18190,FRUT_Y_LEG/NAVE_J5-18190-PTZ,Cámara con señal-Cámara grabando,04/12/2025 09:20
18191,18191,FRUT_Y_LEG/NAVE_J5-18191-FIJA,Cámara con señal-Cámara grabando,04/12/2025 09:20
18192,18192,FRUT_Y_LEG/NAVE_J6-18192-PTZ,Cámara con señal-Cámara grabando,04/12/2025 09:20
18193,18193,FRUT_Y_LEG/NAVE_J6-18193-PTZ,Cámara con señal-Cámara grabando,04/12/2025 09:20
18194,18194,FRUT_Y_LEG/NAVE_J7-18194-PTZ,Cámara con señal-Cámara grabando,04/12/2025 09:20
18195,18195,FRUT_Y_LEG/NAVE_K1-18195-PTZ,Cámara con señal-Cámara grabando,04/12/2025 09:20
18196,18196,FRUT_Y_LEG/NAVE_K1-18196-FIJA,Cámara con señal-Cámara grabando,04/12/2025 09:20
18197,18197,FRUT_Y_LEG/NAVE_K2-18197-PTZ,Cámara con señal-Cámara grabando,04/12/2025 09:20
18198,18198,FRUT_Y_LEG/NAVE_K2-18198-FIJA,Cámara con señal-Cámara grabando,04/12/2025 09:20
18199,18199,FRUT_Y_LEG/NAVE_K3-18199-PTZ,Cámara con señal-Cámara grabando,04/12/2025 09:20
18200,18200,FRUT_Y_LEG/NAVE_K3-18200-FIJA,Cámara con señal-Cámara grabando,04/12/2025 09:20
18201,18201,FRUT_Y_LEG/NAVE_K4-18201-PTZ,Cámara con señal-Cámara grabando,04/12/2025 09:20
18202,18202,FRUT_Y_LEG/NAVE_K4-18202-FIJA,Cámara con señal-Cámara grabando,04/12/2025 09:20
18203,18203,FRUT_Y_LEG/NAVE_K_L-18203-FIJA,Cámara con señal-Cámara grabando,04/12/2025 09:20
18204,18204,FRUT_Y_LEG/NAVE_K_L1-18204-PTZ,Cámara con señal-Cámara grabando,04/12/2025 09:20
18205,18205,FRUT_Y_LEG/NAVE_K5-18205-FIJA,Cámara con señal-Cámara grabando,04/12/2025 09:20
18206,18206,FRUT_Y_LEG/NAVE_L1-18206-FIJA,Cámara con señal-Cámara grabando,04/12/2025 09:20
18207,18207,FRUT_Y_LEG/NAVE_K5-18207-PTZ,Cámara con señal-Cámara grabando,04/12/2025 09:20
18208,18208,FRUT_Y_LEG/NAVE_L1-18208-PTZ,Cámara con señal-Cámara grabando,04/12/2025 09:20
18209,18209,FRUT_Y_LEG/NAVE_K6-18209-FIJA,Cámara con señal-Cámara grabando,04/12/2025 09:20
18210,18210,FRUT_Y_LEG/NAVE_L2-18210-FIJA,Cámara con señal-Cámara grabando,04/12/2025 09:20
18211,18211,FRUT_Y_LEG/NAVE_K6-18211-PTZ,Cámara con señal-Cámara grabando,04/12/2025 09:20
18212,18212,FRUT_Y_LEG/NAVE_L2-18212-PTZ,Cámara con señal-Cámara grabando,04/12/2025 09:20
18213,18213,FRUT_Y_LEG/NAVE_K7-18213-FIJA,Cámara con señal-Cámara grabando,04/12/2025 09:20
18214,18214,FRUT_Y_LEG/NAVE_L3-18214-FIJA,Cámara con señal-Cámara grabando,04/12/2025 09:20
18215,18215,FRUT_Y_LEG/NAVE_K7-18215-PTZ,Cámara con señal-Cámara grabando,04/12/2025 09:20
18216,18216,FRUT_Y_LEG/NAVE_L3-18216-PTZ,Cámara con señal-Cámara grabando,04/12/2025 09:20
18217,18217,FRUT_Y_LEG/NAVE_K8-18217-FIJA,Cámara con señal-Cámara grabando,04/12/2025 09:20
18218,18218,FRUT_Y_LEG/NAVE_L4-18218-FIJA,Cámara con señal-Cámara grabando,04/12/2025 09:20
18219,18219,FRUT_Y_LEG/NAVE_K_L2-18219-PTZ,Cámara con señal-Cámara grabando,04/12/2025 09:20
18220,18220,FRUT_Y_LEG/NAVE_ESTACIONAMIENTO_2-18220-PTZ,Cámara con señal/intermitente-Cámara grabando/intermitente,04/12/2025 09:20
18221,18221,FRUT_Y_LEG/NAVE_L5-18221-FIJA,Cámara con señal-Cámara grabando,04/12/2025 09:20
18222,18222,FRUT_Y_LEG/NAVE_L4-18222-PTZ,Cámara con señal-Cámara grabando,04/12/2025 09:20
18223,18223,FRUT_Y_LEG/NAVE_L6-18223-FIJA,Cámara con señal-Cámara grabando,04/12/2025 09:20
18224,18224,FRUT_Y_LEG/NAVE_L5-18224-PTZ,Cámara con señal-Cámara grabando,04/12/2025 09:20
18225,18225,FRUT_Y_LEG/NAVE_L7-18225-FIJA,Cámara con señal-Cámara grabando,04/12/2025 09:20
18226,18226,FRUT_Y_LEG/NAVE_L6-18226-PTZ,Cámara con señal-Cámara grabando,04/12/2025 09:20
18227,18227,FRUT_Y_LEG/NAVE_L8-18227-FIJA,Cámara con señal-Cámara grabando,04/12/2025 09:20
18228,18228,FRUT_Y_LEG/NAVE_K8-18228-PTZ,Cámara con señal-Cámara grabando,04/12/2025 09:20
18229,18229,FRUT_Y_LEG/NAVE_M1-18229-PTZ,Cámara con señal-Cámara grabando,04/12/2025 09:20
18230,18230,FRUT_Y_LEG/NAVE_M1-18230-FIJA,Cámara con señal-Cámara grabando,04/12/2025 09:20
18231,18231,FRUT_Y_LEG/NAVE_M2-18231-PTZ,Cámara con señal-Cámara grabando,04/12/2025 09:20
18232,18232,FRUT_Y_LEG/NAVE_M2-18232-FIJA,Cámara con señal-Cámara grabando,04/12/2025 09:20
18233,18233,FRUT_Y_LEG/NAVE_M3-18233-PTZ,Cámara con señal-Cámara grabando,04/12/2025 09:20
18234,18234,FRUT_Y_LEG/NAVE_M3-18234-FIJA,Cámara con señal-Cámara grabando,04/12/2025 09:20
18235,18235,FRUT_Y_LEG/NAVE_M4-18235-PTZ,Cámara con señal-Cámara grabando,04/12/2025 09:20
18236,18236,FRUT_Y_LEG/NAVE_M4-18236-FIJA,Cámara con señal-Cámara grabando,04/12/2025 09:20
18237,18237,FRUT_Y_LEG/COMEDOR-18237-FIJA,Cámara con señal-Cámara grabando,04/12/2025 09:20
18238,18238,FRUT_Y_LEG/NAVE_ESTACIONAMIENTO_3-18238-PTZ,Cámara con señal-Cámara grabando,04/12/2025 09:20
18239,18239,FRUT_Y_LEG/NAVE_M_N-18239-PTZ-4K,Cámara con señal-Cámara grabando,04/12/2025 09:20
18240,18240,FRUT_Y_LEG/NAVE_M5-18240-FIJA,Cámara con señal-Cámara grabando,04/12/2025 09:20
18241,18241,FRUT_Y_LEG/NAVE_N1-18241-FIJA,Cámara con señal-Cámara grabando,04/12/2025 09:20
18242,18242,FRUT_Y_LEG/NAVE_M5-18242-PTZ,Cámara con señal-Cámara grabando,04/12/2025 09:20
18243,18243,FRUT_Y_LEG/NAVE_N1-18243-PTZ,Cámara con señal-Cámara grabando,04/12/2025 09:20
18244,18244,FRUT_Y_LEG/NAVE_M6-18244-FIJA,Cámara con señal-Cámara grabando,04/12/2025 09:20
18245,18245,FRUT_Y_LEG/NAVE_N2-18245-FIJA,Cámara con señal-Cámara grabando,04/12/2025 09:20
18246,18246,FRUT_Y_LEG/NAVE_M6-18246-PTZ,Cámara con señal-Cámara grabando,04/12/2025 09:20
18247,18247,FRUT_Y_LEG/NAVE_N2-18247-PTZ,Cámara con señal-Cámara grabando,04/12/2025 09:20
18248,18248,FRUT_Y_LEG/NAVE_M7-18248-FIJA,Cámara con señal-Cámara grabando,04/12/2025 09:20
18249,18249,FRUT_Y_LEG/NAVE_N3-18249-FIJA,Cámara con señal-Cámara grabando,04/12/2025 09:20
18250,18250,FRUT_Y_LEG/NAVE_M7-18250-PTZ,Cámara con señal-Cámara grabando,04/12/2025 09:20
18251,18251,FRUT_Y_LEG/NAVE_N3-18251-PTZ,Cámara con señal-Cámara grabando,04/12/2025 09:20
18252,18252,FRUT_Y_LEG/NAVE_M8-18252-FIJA,Cámara con señal-Cámara grabando,04/12/2025 09:20
18253,18253,FRUT_Y_LEG/NAVE_N4-18253-FIJA,Cámara con señal-Cámara grabando,04/12/2025 09:20
18254,18254,FRUT_Y_LEG/NAVE_M_N-18254-PTZ,Cámara con señal-Cámara grabando,04/12/2025 09:20
18255,18255,FRUT_Y_LEG/NAVE_M_N-18255-FIJA,Cámara con señal-Cámara grabando,04/12/2025 09:20
18256,18256,FRUT_Y_LEG/NAVE_N5-18256-FIJA,Cámara sin señal-Cámara sin grabación,04/12/2025 09:20
18257,18257,FRUT_Y_LEG/NAVE_N4-18257-PTZ,Cámara con señal-Cámara grabando,04/12/2025 09:20
18258,18258,FRUT_Y_LEG/NAVE_N6-18258-FIJA,Cámara con señal-Cámara grabando,04/12/2025 09:20
18259,18259,FRUT_Y_LEG/NAVE_N5-18259-PTZ,Cámara con señal-Cámara grabando,04/12/2025 09:20
18260,18260,FRUT_Y_LEG/NAVE_N7-18260-FIJA,Cámara con señal-Cámara grabando,04/12/2025 09:20
18261,18261,FRUT_Y_LEG/NAVE_N6-18261-PTZ,Cámara con señal-Cámara grabando,04/12/2025 09:20
18262,18262,FRUT_Y_LEG/NAVE_N8-18262-FIJA,Cámara con señal-Cámara grabando,04/12/2025 09:20
18263,18263,FRUT_Y_LEG/NAVE_N7-18263-PTZ,Cámara con señal-Cámara grabando,04/12/2025 09:20
18264,18264,FRUT_Y_LEG/NAVE_O1-18264-PTZ,Cámara con señal-Cámara grabando,04/12/2025 09:20
18265,18265,FRUT_Y_LEG/NAVE_O1-18265-FIJA,Cámara con señal-Cámara grabando,04/12/2025 09:20
18266,18266,FRUT_Y_LEG/NAVE_O2-18266-PTZ,Cámara con señal-Cámara grabando,04/12/2025 09:20
18267,18267,FRUT_Y_LEG/NAVE_O2-18267-FIJA,Cámara con señal-Cámara grabando,04/12/2025 09:20
18268,18268,FRUT_Y_LEG/NAVE_O3-18268-PTZ,Cámara con señal-Cámara grabando,04/12/2025 09:20
18269,18269,FRUT_Y_LEG/NAVE_O3-18269-FIJA,Cámara con señal-Cámara grabando,04/12/2025 09:20
18270,18270,FRUT_Y_LEG/NAVE_O4-18270-PTZ,Cámara con señal-Cámara grabando,04/12/2025 09:20
18271,18271,FRUT_Y_LEG/NAVE_O4-18271-FIJA,Cámara sin señal-Cámara sin grabación,04/12/2025 09:20
18272,18272,FRUT_Y_LEG/NAVE_O_P-18272-FIJA,Cámara con señal-Cámara grabando,04/12/2025 09:20
18273,18273,FRUT_Y_LEG/NAVE_O_P1-18273-PTZ,Cámara con señal-Cámara grabando,04/12/2025 09:20
18274,18274,FRUT_Y_LEG/NAVE_O1-18274-FACIAL,Cámara con señal-Cámara grabando,04/12/2025 09:20
18275,18275,FRUT_Y_LEG/NAVE_P1-18275-FACIAL,Cámara con señal-Cámara grabando,04/12/2025 09:20
18276,18276,FRUT_Y_LEG/NAVE_O5-18276-PTZ,Cámara con señal-Cámara grabando,04/12/2025 09:20
18277,18277,FRUT_Y_LEG/NAVE_P1-18277-PTZ,Cámara con señal-Cámara grabando,04/12/2025 09:20
18278,18278,FRUT_Y_LEG/NAVE_O5-18278-FIJA,Cámara con señal-Cámara grabando,04/12/2025 09:20
18279,18279,FRUT_Y_LEG/NAVE_P1-18279-FIJA,Cámara con señal-Cámara grabando,04/12/2025 09:20
18280,18280,FRUT_Y_LEG/NAVE_O6-18280-PTZ,Cámara con señal-Cámara grabando,04/12/2025 09:20
18281,18281,FRUT_Y_LEG/NAVE_P2-18281-PTZ,Cámara con señal-Cámara grabando,04/12/2025 09:20
18282,18282,FRUT_Y_LEG/NAVE_O6-18282-FIJA,Cámara con señal-Cámara grabando,04/12/2025 09:20
18283,18283,FRUT_Y_LEG/NAVE_P2-18283-FIJA,Cámara sin señal-Cámara sin grabación,04/12/2025 09:20
18284,18284,FRUT_Y_LEG/NAVE_O7-18284-PTZ,Cámara con señal-Cámara grabando,04/12/2025 09:20
18285,18285,FRUT_Y_LEG/NAVE_P3-18285-PTZ,Cámara con señal-Cámara grabando,04/12/2025 09:20
18286,18286,FRUT_Y_LEG/NAVE_O2-18286-FACIAL,Cámara con señal-Cámara grabando,04/12/2025 09:20
18287,18287,FRUT_Y_LEG/NAVE_P2-18287-FACIAL,Cámara con señal-Cámara grabando,04/12/2025 09:20
18288,18288,FRUT_Y_LEG/NAVE_O_P2-18288-PTZ,Cámara sin señal-Cámara sin grabación,04/12/2025 09:20
18289,18289,FRUT_Y_LEG/NAVE_ESTACIONAMIENTO_4-18289-PTZ,Cámara con señal-Cámara grabando,04/12/2025 09:20
18290,18290,FRUT_Y_LEG/NAVE_P3-18290-PTZ,Cámara con señal-Cámara grabando,04/12/2025 09:20
18291,18291,FRUT_Y_LEG/NAVE_P4-18291-PTZ,Cámara con señal-Cámara grabando,04/12/2025 09:20
18292,18292,FRUT_Y_LEG/NAVE_P4-18292-FIJA,Cámara con señal-Cámara grabando,04/12/2025 09:20
18293,18293,FRUT_Y_LEG/NAVE_P5-18293-PTZ,Cámara con señal-Cámara grabando,04/12/2025 09:20
18294,18294,FRUT_Y_LEG/NAVE_P5-18294-FIJA,Cámara con señal-Cámara grabando,04/12/2025 09:20
18295,18295,FRUT_Y_LEG/NAVE_P6-18295-PTZ,Cámara con señal-Cámara grabando,04/12/2025 09:20
18296,18296,FRUT_Y_LEG/NAVE_P6-18296-FIJA,Cámara con señal-Cámara grabando,04/12/2025 09:20
18297,18297,FRUT_Y_LEG/NAVE_P7-18297-PTZ,Cámara con señal-Cámara grabando,04/12/2025 09:20
18298,18298,FRUT_Y_LEG/NAVE_Q1-18298-PTZ,Cámara con señal-Cámara grabando,04/12/2025 09:20
18299,18299,FRUT_Y_LEG/NAVE_Q1-18299-FIJA,Cámara con señal-Cámara grabando,04/12/2025 09:20
18300,18300,FRUT_Y_LEG/NAVE_Q2-18300-PTZ,Cámara con señal-Cámara grabando,04/12/2025 09:20
18301,18301,FRUT_Y_LEG/NAVE_Q2-18301-FIJA,Cámara con señal-Cámara grabando,04/12/2025 09:20
18302,18302,FRUT_Y_LEG/NAVE_Q3-18302-PTZ,Cámara con señal-Cámara grabando,04/12/2025 09:20
18303,18303,FRUT_Y_LEG/NAVE_Q3-18303-FIJA,Cámara con señal-Cámara grabando,04/12/2025 09:20
18304,18304,FRUT_Y_LEG/NAVE_Q4-18304-PTZ,Cámara con señal-Cámara grabando,04/12/2025 09:20
18305,18305,FRUT_Y_LEG/NAVE_Q4-18305-FIJA,Cámara con señal-Cámara grabando,04/12/2025 09:20
18306,18306,FRUT_Y_LEG/CORREDOR_ECO_1-18306-FIJA,Cámara sin señal-Cámara sin grabación,04/12/2025 09:20
18307,18307,FRUT_Y_LEG/NAVE_Q_R1-18307-PTZ,Cámara con señal-Cámara grabando,04/12/2025 09:20
18308,18308,FRUT_Y_LEG/NAVE_Q_R2-18308-PTZ,Cámara con señal-Cámara grabando,04/12/2025 09:20
18309,18309,FRUT_Y_LEG/NAVE_Q5-18309-FIJA,Cámara con señal-Cámara grabando,04/12/2025 09:20
18310,18310,FRUT_Y_LEG/NAVE_R1-18310-FIJA,Cámara con señal-Cámara grabando,04/12/2025 09:20
18311,18311,FRUT_Y_LEG/NAVE_Q5-18311-PTZ,Cámara con señal-Cámara grabando,04/12/2025 09:20
18312,18312,FRUT_Y_LEG/NAVE_R1-18312-PTZ,Cámara con señal-Cámara grabando,04/12/2025 09:20
18313,18313,FRUT_Y_LEG/NAVE_Q1-18313-FACIAL,Cámara con señal-Cámara grabando,04/12/2025 09:20
18314,18314,FRUT_Y_LEG/NAVE_R1-18314-FACIAL,Cámara con señal-Cámara grabando,04/12/2025 09:20
18315,18315,FRUT_Y_LEG/NAVE_Q6-18315-PTZ,Cámara con señal-Cámara grabando,04/12/2025 09:20
18316,18316,FRUT_Y_LEG/NAVE_R2-18316-PTZ,Cámara con señal-Cámara grabando,04/12/2025 09:20
18317,18317,FRUT_Y_LEG/NAVE_Q6-18317-FIJA,Cámara con señal-Cámara grabando,04/12/2025 09:20
18318,18318,FRUT_Y_LEG/NAVE_R2-18318-FIJA,Cámara con señal-Cámara grabando,04/12/2025 09:20
18319,18319,FRUT_Y_LEG/NAVE_Q7-18319-PTZ,Cámara con señal-Cámara grabando,04/12/2025 09:20
18320,18320,FRUT_Y_LEG/NAVE_R3-18320-PTZ,Cámara con señal-Cámara grabando,04/12/2025 09:20
18321,18321,FRUT_Y_LEG/NAVE_Q2-18321-FACIAL,Cámara con señal-Cámara grabando,04/12/2025 09:20
18322,18322,FRUT_Y_LEG/NAVE_R2-18322-FACIAL,Cámara con señal-Cámara grabando,04/12/2025 09:20
18323,18323,FRUT_Y_LEG/NAVE_Q_R3-18323-PTZ,Cámara con señal-Cámara grabando,04/12/2025 09:20
18324,18324,FRUT_Y_LEG/NAVE_Q_R1-18324-FIJA,Cámara con señal-Cámara grabando,04/12/2025 09:20
18325,18325,FRUT_Y_LEG/NAVE_R3-18325-FIJA,Cámara con señal-Cámara grabando,04/12/2025 09:20
18326,18326,FRUT_Y_LEG/NAVE_R4-18326-PTZ,Cámara con señal-Cámara grabando,04/12/2025 09:20
18327,18327,FRUT_Y_LEG/NAVE_R4-18327-FIJA,Cámara con señal-Cámara grabando,04/12/2025 09:20
18328,18328,FRUT_Y_LEG/NAVE_R5-18328-PTZ,Cámara con señal-Cámara grabando,04/12/2025 09:20
18329,18329,FRUT_Y_LEG/NAVE_R5-18329-FIJA,Cámara con señal-Cámara grabando,04/12/2025 09:20
18330,18330,FRUT_Y_LEG/NAVE_R6-18330-PTZ,Cámara con señal-Cámara grabando,04/12/2025 09:20
18331,18331,FRUT_Y_LEG/NAVE_R6-18331-FIJA,Cámara con señal-Cámara grabando,04/12/2025 09:20
18332,18332,FRUT_Y_LEG/NAVE_R7-18332-PTZ,Cámara con señal-Cámara grabando,04/12/2025 09:20
18333,18333,FRUT_Y_LEG/NAVE_S1-18333-PTZ,Cámara con señal-Cámara grabando,04/12/2025 09:20
18334,18334,FRUT_Y_LEG/NAVE_S1-18334-FIJA,Cámara con señal-Cámara grabando,04/12/2025 09:20
18335,18335,FRUT_Y_LEG/NAVE_S2-18335-PTZ,Cámara con señal-Cámara grabando,04/12/2025 09:20
18336,18336,FRUT_Y_LEG/NAVE_S2-18336-FIJA,Cámara con señal-Cámara grabando,04/12/2025 09:20
18337,18337,FRUT_Y_LEG/NAVE_S3-18337-PTZ,Cámara con señal-Cámara grabando,04/12/2025 09:20
18338,18338,FRUT_Y_LEG/NAVE_S3-18338-FIJA,Cámara con señal-Cámara grabando,04/12/2025 09:20
18339,18339,FRUT_Y_LEG/NAVE_S4-18339-PTZ,Cámara con señal-Cámara grabando,04/12/2025 09:20
18340,18340,FRUT_Y_LEG/NAVE_S4-18340-FIJA,Cámara con señal-Cámara grabando,04/12/2025 09:20
18341,18341,FRUT_Y_LEG/NAVE_S_T-18341-FIJA,Cámara con señal-Cámara grabando,04/12/2025 09:20
18342,18342,FRUT_Y_LEG/NAVE_S_T1-18342-PTZ,Cámara con señal-Cámara grabando,04/12/2025 09:20
18343,18343,FRUT_Y_LEG/NAVE_S5-18343-FIJA,Cámara con señal-Cámara grabando,04/12/2025 09:20
18344,18344,FRUT_Y_LEG/NAVE_T1-18344-FIJA,Cámara con señal-Cámara grabando,04/12/2025 09:20
18345,18345,FRUT_Y_LEG/NAVE_S5-18345-PTZ,Cámara con señal-Cámara grabando,04/12/2025 09:20
18346,18346,FRUT_Y_LEG/NAVE_T1-18346-PTZ,Cámara con señal-Cámara grabando,04/12/2025 09:20
18347,18347,FRUT_Y_LEG/NAVE_S6-18347-FIJA,Cámara con señal-Cámara grabando,04/12/2025 09:20
18348,18348,FRUT_Y_LEG/NAVE_T2-18348-FIJA,Cámara con señal-Cámara grabando,04/12/2025 09:20
18349,18349,FRUT_Y_LEG/NAVE_S6-18349-PTZ,Cámara con señal-Cámara grabando,04/12/2025 09:20
18350,18350,FRUT_Y_LEG/NAVE_T2-18350-PTZ,Cámara con señal-Cámara grabando,04/12/2025 09:20
18351,18351,FRUT_Y_LEG/NAVE_S7-18351-FIJA,Cámara con señal-Cámara grabando,04/12/2025 09:20
18352,18352,FRUT_Y_LEG/NAVE_T3-18352-FIJA,Cámara con señal-Cámara grabando,04/12/2025 09:20
18353,18353,FRUT_Y_LEG/NAVE_S7-18353-PTZ,Cámara con señal-Cámara grabando,04/12/2025 09:20
18354,18354,FRUT_Y_LEG/NAVE_T3-18354-PTZ,Cámara con señal-Cámara grabando,04/12/2025 09:20
18355,18355,FRUT_Y_LEG/NAVE_S8-18355-FIJA,Cámara con señal-Cámara grabando,04/12/2025 09:20
18356,18356,FRUT_Y_LEG/NAVE_T4-18356-FIJA,Cámara con señal-Cámara grabando,04/12/2025 09:20
18357,18357,FRUT_Y_LEG/NAVE_S_TS-18357-PTZ,Cámara con señal-Cámara grabando,04/12/2025 09:20
18358,18358,FRUT_Y_LEG/NAVE_ESTACIONAMIENTO_5-18358-PTZ,Cámara con señal-Cámara grabando,04/12/2025 09:20
18359,18359,FRUT_Y_LEG/NAVE_T5-18359-FIJA,Cámara con señal-Cámara grabando,04/12/2025 09:20
18360,18360,FRUT_Y_LEG/NAVE_T4-18360-PTZ,Cámara con señal-Cámara grabando,04/12/2025 09:20
18361,18361,FRUT_Y_LEG/NAVE_T6-18361-FIJA,Cámara con señal-Cámara grabando,04/12/2025 09:20
18362,18362,FRUT_Y_LEG/NAVE_T5-18362-PTZ,Cámara con señal-Cámara grabando,04/12/2025 09:20
18363,18363,FRUT_Y_LEG/NAVE_T7-18363-FIJA,Cámara con señal-Cámara grabando,04/12/2025 09:20
18364,18364,FRUT_Y_LEG/NAVE_T6-18364-PTZ,Cámara con señal-Cámara grabando,04/12/2025 09:20
18365,18365,FRUT_Y_LEG/NAVE_T8-18365-FIJA,Cámara con señal-Cámara grabando,04/12/2025 09:20
18366,18366,FRUT_Y_LEG/NAVE_T7-18366-PTZ,Cámara con señal-Cámara grabando,04/12/2025 09:20
18367,18367,FRUT_Y_LEG/NAVE_U1-18367-PTZ,Cámara con señal-Cámara grabando,04/12/2025 09:20
18368,18368,FRUT_Y_LEG/NAVE_U1-18368-FIJA,Cámara con señal-Cámara grabando,04/12/2025 09:20
18369,18369,FRUT_Y_LEG/NAVE_U2-18369-PTZ,Cámara con señal-Cámara grabando,04/12/2025 09:20
18370,18370,FRUT_Y_LEG/NAVE_U2-18370-FIJA,Cámara con señal-Cámara grabando,04/12/2025 09:20
18371,18371,FRUT_Y_LEG/NAVE_U3-18371-PTZ,Cámara con señal-Cámara grabando,04/12/2025 09:20
18372,18372,FRUT_Y_LEG/NAVE_U3-18372-FIJA,Cámara con señal-Cámara grabando,04/12/2025 09:20
18373,18373,FRUT_Y_LEG/NAVE_U4-18373-PTZ,Cámara con señal-Cámara grabando,04/12/2025 09:20
18374,18374,FRUT_Y_LEG/NAVE_U4-18374-FIJA,Cámara con señal-Cámara grabando,04/12/2025 09:20
18375,18375,FRUT_Y_LEG/CORREDOR_ECO_2-18375-FIJA,Cámara con señal-Cámara grabando,04/12/2025 09:20
18376,18376,FRUT_Y_LEG/NAVE_ESTACIONAMIENTO_6-18376-PTZ,Cámara con señal-Cámara grabando,04/12/2025 09:20
18377,18377,FRUT_Y_LEG/NAVE_U_V1-18377-PTZ,Cámara con señal-Cámara grabando,04/12/2025 09:20
18378,18378,FRUT_Y_LEG/NAVE_U5-18378-FIJA,Cámara con señal-Cámara grabando,04/12/2025 09:20
18379,18379,FRUT_Y_LEG/NAVE_V1-18379-FIJA,Cámara con señal-Cámara grabando,04/12/2025 09:20
18380,18380,FRUT_Y_LEG/NAVE_U5-18380-PTZ,Cámara con señal-Cámara grabando,04/12/2025 09:20
18381,18381,FRUT_Y_LEG/NAVE_V1-18381-PTZ,Cámara con señal-Cámara grabando,04/12/2025 09:20
18382,18382,FRUT_Y_LEG/NAVE_U6-18382-FIJA,Cámara con señal-Cámara grabando,04/12/2025 09:20
18383,18383,FRUT_Y_LEG/NAVE_V2-18383-FIJA,Cámara con señal-Cámara grabando,04/12/2025 09:20
18384,18384,FRUT_Y_LEG/NAVE_U6-18384-PTZ,Cámara con señal-Cámara grabando,04/12/2025 09:20
18385,18385,FRUT_Y_LEG/NAVE_V2-18385-PTZ,Cámara con señal-Cámara grabando,04/12/2025 09:20
18386,18386,FRUT_Y_LEG/NAVE_U7-18386-FIJA,Cámara con señal-Cámara grabando,04/12/2025 09:20
18387,18387,FRUT_Y_LEG/NAVE_V3-18387-FIJA,Cámara con señal-Cámara grabando,04/12/2025 09:20
18388,18388,FRUT_Y_LEG/NAVE_U7-18388-PTZ,Cámara con señal-Cámara grabando,04/12/2025 09:20
18389,18389,FRUT_Y_LEG/NAVE_V3-18389-PTZ,Cámara con señal-Cámara grabando,04/12/2025 09:20
18390,18390,FRUT_Y_LEG/NAVE_U8-18390-FIJA,Cámara con señal-Cámara grabando,04/12/2025 09:20
18391,18391,FRUT_Y_LEG/NAVE_V4-18391-FIJA,Cámara con señal-Cámara grabando,04/12/2025 09:20
18392,18392,FRUT_Y_LEG/NAVE_U_V2-18392-PTZ,Cámara con señal-Cámara grabando,04/12/2025 09:20
18393,18393,FRUT_Y_LEG/NAVE_U_V-18393-FIJA,Cámara sin señal-Cámara sin grabación,04/12/2025 09:20
18394,18394,FRUT_Y_LEG/NAVE_V5-18394-FIJA,Cámara con señal-Cámara grabando,04/12/2025 09:20
18395,18395,FRUT_Y_LEG/NAVE_V4-18395-PTZ,Cámara con señal-Cámara grabando,04/12/2025 09:20
18396,18396,FRUT_Y_LEG/NAVE_V6-18396-FIJA,Cámara con señal-Cámara grabando,04/12/2025 09:20
18397,18397,FRUT_Y_LEG/NAVE_V5-18397-PTZ,Cámara con señal-Cámara grabando,04/12/2025 09:20
18398,18398,FRUT_Y_LEG/NAVE_V7-18398-FIJA,Cámara con señal-Cámara grabando,04/12/2025 09:20
18399,18399,FRUT_Y_LEG/NAVE_V6-18399-PTZ,Cámara con señal-Cámara grabando,04/12/2025 09:20
18400,18400,FRUT_Y_LEG/NAVE_V8-18400-FIJA,Cámara con señal-Cámara grabando,04/12/2025 09:20
18401,18401,FRUT_Y_LEG/NAVE_V7-18401-PTZ,Cámara con señal-Cámara grabando,04/12/2025 09:20
18402,18402,FRUT_Y_LEG/NAVE_W1-18402-PTZ,Cámara con señal-Cámara grabando,04/12/2025 09:20
18403,18403,FRUT_Y_LEG/NAVE_W1-18403-FIJA,Cámara con señal-Cámara grabando,04/12/2025 09:20
18404,18404,FRUT_Y_LEG/NAVE_W2-18404-PTZ,Cámara con señal-Cámara grabando,04/12/2025 09:20
18405,18405,FRUT_Y_LEG/NAVE_W2-18405-FIJA,Cámara con señal-Cámara grabando,04/12/2025 09:20
18406,18406,FRUT_Y_LEG/NAVE_W3-18406-PTZ,Cámara con señal-Cámara grabando,04/12/2025 09:20
18407,18407,FRUT_Y_LEG/NAVE_W3-18407-FIJA,Cámara con señal-Cámara grabando,04/12/2025 09:20
18408,18408,FRUT_Y_LEG/NAVE_W4-18408-PTZ,Cámara con señal-Cámara grabando,04/12/2025 09:20
18409,18409,FRUT_Y_LEG/NAVE_W4-18409-PTZ,Cámara con señal-Cámara grabando,04/12/2025 09:20
18410,18410,FRUT_Y_LEG/NAVE_W_X-18410-FIJA,Cámara con señal-Cámara grabando,04/12/2025 09:20
18411,18411,FRUT_Y_LEG/NAVE_W_X-18411-PTZ-4K,Cámara con señal-Cámara grabando,04/12/2025 09:20
18412,18412,FRUT_Y_LEG/NAVE_W5-18412-FIJA,Cámara con señal-Cámara grabando,04/12/2025 09:20
18413,18413,FRUT_Y_LEG/NAVE_X1-18413-FIJA,Cámara con señal-Cámara grabando,04/12/2025 09:20
18414,18414,FRUT_Y_LEG/NAVE_W5-18414-18414-FIJA,Cámara con señal-Cámara grabando,04/12/2025 09:20
18415,18415,FRUT_Y_LEG/NAVE_X1-18415-PTZ,Cámara con señal-Cámara grabando,04/12/2025 09:20
18416,18416,FRUT_Y_LEG/NAVE_W6-18416-FIJA,Cámara con señal-Cámara grabando,04/12/2025 09:20
18417,18417,FRUT_Y_LEG/NAVE_X2-18417-FIJA,Cámara con señal-Cámara grabando,04/12/2025 09:20
18418,18418,FRUT_Y_LEG/NAVE_W6-18418-PTZ,Cámara con señal-Cámara grabando,04/12/2025 09:20
18419,18419,FRUT_Y_LEG/NAVE_X2-18419-PTZ,Cámara con señal-Cámara grabando,04/12/2025 09:20
18420,18420,FRUT_Y_LEG/NAVE_W-18420-FACIAL,Cámara con señal-Cámara grabando,04/12/2025 09:20
18421,18421,FRUT_Y_LEG/NAVE_X-18421-FACIAL,Cámara con señal-Cámara grabando,04/12/2025 09:20
18422,18422,FRUT_Y_LEG/NAVE_W7-18422-PTZ,Cámara con señal-Cámara grabando,04/12/2025 09:20
18423,18423,FRUT_Y_LEG/NAVE_X3-18423-PTZ,Cámara con señal-Cámara grabando,04/12/2025 09:20
18424,18424,FRUT_Y_LEG/NAVE_W7-18424-FIJA,Cámara con señal-Cámara grabando,04/12/2025 09:20
18425,18425,FRUT_Y_LEG/NAVE_X3-18425-FIJA,Cámara con señal-Cámara grabando,04/12/2025 09:20
18426,18426,FRUT_Y_LEG/NAVE_W_X-18426-PTZ,Cámara con señal-Cámara grabando,04/12/2025 09:20
18427,18427,FRUT_Y_LEG/NAVE_ESTACIONAMIENTO_7-18427-PTZ,Cámara con señal-Cámara grabando,04/12/2025 09:20
18428,18428,FRUT_Y_LEG/NAVE_X-18428-PTZ-20M-4K,Cámara con señal-Cámara grabando,04/12/2025 09:20
18429,18429,FRUT_Y_LEG/NAVE_X4-18429-FIJA,Cámara con señal-Cámara grabando,04/12/2025 09:20
18430,18430,FRUT_Y_LEG/NAVE_X4-18430-PTZ,Cámara con señal-Cámara grabando,04/12/2025 09:20
18431,18431,FRUT_Y_LEG/NAVE_X5-18431-FIJA,Cámara con señal-Cámara grabando,04/12/2025 09:20
18432,18432,FRUT_Y_LEG/NAVE_X5-18432-PTZ,Cámara con señal-Cámara grabando,04/12/2025 09:20
18433,18433,FRUT_Y_LEG/NAVE_X6-18433-FIJA,Cámara con señal-Cámara grabando,04/12/2025 09:20
18434,18434,FRUT_Y_LEG/NAVE_X-18434-PTZ-4K,Cámara con señal-Cámara grabando,04/12/2025 09:20
18435,18435,FRUT_Y_LEG/NAVE_X7-18435-FIJA,Cámara con señal-Cámara grabando,04/12/2025 09:20
18436,18436,FRUT_Y_LEG/NAVE_X6-18436-PTZ,Cámara con señal-Cámara grabando,04/12/2025 09:20
18437,18437,FRUT_Y_LEG/BODEGA_ARTE-18437-FIJA,Cámara con señal-Cámara grabando,04/12/2025 09:20
18438,18438,MURO_9/PEATONAL-18438-FACIAL,Cámara con señal-Cámara grabando,04/12/2025 09:20
18439,18439,FRUT_Y_LEG/NAVE_I_AEREO_1-18439-PTZ-4K,Cámara con señal-Cámara grabando,04/12/2025 09:20
18440,18440,FRUT_Y_LEG/NAVE_J_K-18440-FIJA,Cámara con señal-Cámara grabando,04/12/2025 09:20
18441,18441,FRUT_Y_LEG/NAVE_J_K-18441-FIJA,Cámara con señal-Cámara grabando,04/12/2025 09:20
18442,18442,FRUT_Y_LEG/NAVE_L_M-18442-PTZ,Cámara con señal-Cámara grabando,04/12/2025 09:20
18443,18443,FRUT_Y_LEG/NAVE_N_O1-18443-FIJA,Cámara con señal-Cámara grabando,04/12/2025 09:20
18444,18444,FRUT_Y_LEG/NAVE_N_O1-18444-FIJA,Cámara con señal-Cámara grabando,04/12/2025 09:20
18445,18445,FRUT_Y_LEG/NAVE_P_Q1-18445-PTZ,Cámara con señal-Cámara grabando,04/12/2025 09:20
18446,18446,FRUT_Y_LEG/NAVE_R_S1-18446-FIJA,Cámara con señal-Cámara grabando,04/12/2025 09:20
18447,18447,FRUT_Y_LEG/ESTACIONAMIENTO-18447-FIJA,Cámara con señal-Cámara grabando,04/12/2025 09:20
18448,18448,FRUT_Y_LEG/NAVE_T_U1-18448-PTZ,Cámara con señal-Cámara grabando,04/12/2025 09:20
18449,18449,FRUT_Y_LEG/NAVE_V_W1-18449-FIJA,Cámara con señal-Cámara grabando,04/12/2025 09:20
18450,18450,FRUT_Y_LEG/NAVE_V_W1-18450-FIJA,Cámara con señal-Cámara grabando,04/12/2025 09:20
18451,18451,FRUT_Y_LEG/NAVE_X_AEREO_1-18451-PTZ,Cámara con señal-Cámara grabando,04/12/2025 09:20
18452,18452,FRUT_Y_LEG/NAVE_I-18452-PTZ-4K,Cámara con señal-Cámara grabando,04/12/2025 09:20
18453,18453,FRUT_Y_LEG/NAVE_J_K1-18453-FIJA,Cámara con señal-Cámara grabando,04/12/2025 09:20
18454,18454,FRUT_Y_LEG/NAVE_J_K1-18454-PTZ,Cámara con señal-Cámara grabando,04/12/2025 09:20
18455,18455,FRUT_Y_LEG/NAVE_L_M1-18455-FIJA,Cámara con señal-Cámara grabando,04/12/2025 09:20
18456,18456,FRUT_Y_LEG/NAVE_L_M1-18456-FIJA,Cámara con señal-Cámara grabando,04/12/2025 09:20
18457,18457,FRUT_Y_LEG/NAVE_N_O1-18457-PTZ,Cámara con señal-Cámara grabando,04/12/2025 09:20
18458,18458,FRUT_Y_LEG/NAVE_P_Q1-18458-FIJA,Cámara con señal-Cámara grabando,04/12/2025 09:20
18459,18459,FRUT_Y_LEG/NAVE_P_Q1-18459-FIJA,Cámara con señal-Cámara grabando,04/12/2025 09:20
18460,18460,FRUT_Y_LEG/NAVE_R_S2-18460-FIJA,Cámara con señal-Cámara grabando,04/12/2025 09:20
18461,18461,FRUT_Y_LEG/NAVE_R_S1-18461-PTZ,Cámara con señal-Cámara grabando,04/12/2025 09:20
18462,18462,FRUT_Y_LEG/NAVE_T_U1-18462-FIJA,Cámara con señal-Cámara grabando,04/12/2025 09:20
18463,18463,FRUT_Y_LEG/NAVE_T_U-18463-FIJA,Cámara con señal-Cámara grabando,04/12/2025 09:20
18464,18464,FRUT_Y_LEG/NAVE_V_W1-18464-PTZ,Cámara con señal-Cámara grabando,04/12/2025 09:20
18465,18465,FRUT_Y_LEG/NAVE_X_AEREO_1-18465-FIJA,Cámara con señal-Cámara grabando,04/12/2025 09:20
18466,18466,FRUT_Y_LEG/NAVE_X_AEREO_2-18466-PTZ,Cámara con señal-Cámara grabando,04/12/2025 09:20
18467,18467,FRUT_Y_LEG/NAVE_J_K1-18467-FIJA,Cámara con señal-Cámara grabando,04/12/2025 09:20
18468,18468,FRUT_Y_LEG/NAVE_J_K2-18468-FIJA,Cámara con señal-Cámara grabando,04/12/2025 09:20
18469,18469,FRUT_Y_LEG/NAVE_L_M1-18469-PTZ,Cámara con señal-Cámara grabando,04/12/2025 09:20
18470,18470,FRUT_Y_LEG/NAVE_N_O2-18470-FIJA,Cámara con señal-Cámara grabando,04/12/2025 09:20
18471,18471,FRUT_Y_LEG/NAVE_N_O2-18471-FIJA,Cámara con señal-Cámara grabando,04/12/2025 09:20
18472,18472,FRUT_Y_LEG/NAVE_P_Q2-18472-PTZ,Cámara con señal-Cámara grabando,04/12/2025 09:20
18473,18473,FRUT_Y_LEG/NAVE_R_S3-18473-FIJA,Cámara con señal-Cámara grabando,04/12/2025 09:20
18474,18474,FRUT_Y_LEG/NAVE_R_S1-18474-FIJA,Cámara con señal-Cámara grabando,04/12/2025 09:20
18475,18475,FRUT_Y_LEG/NAVE_T_U2-18475-PTZ,Cámara con señal-Cámara grabando,04/12/2025 09:20
18476,18476,FRUT_Y_LEG/NAVE_V_W2-18476-FIJA,Cámara con señal-Cámara grabando,04/12/2025 09:20
18477,18477,FRUT_Y_LEG/NAVE_V_W2-18477-FIJA,Cámara con señal-Cámara grabando,04/12/2025 09:20
18478,18478,FRUT_Y_LEG/NAVE_X_AEREO_3-18478-PTZ,Cámara sin señal-Cámara sin grabación,04/12/2025 09:20
18479,18479,FRUT_Y_LEG/NAVE_I_AEREO-18479-PTZ,Cámara con señal-Cámara grabando,04/12/2025 09:20
18480,18480,FRUT_Y_LEG/NAVE_J_K3-18480-FIJA,Cámara con señal-Cámara grabando,04/12/2025 09:20
18481,18481,FRUT_Y_LEG/NAVE_J_K2-18481-PTZ,Cámara con señal-Cámara grabando,04/12/2025 09:20
18482,18482,FRUT_Y_LEG/NAVE_L_M2-18482-FIJA,Cámara con señal-Cámara grabando,04/12/2025 09:20
18483,18483,FRUT_Y_LEG/NAVE_L_M2-18483-FIJA,Cámara con señal-Cámara grabando,04/12/2025 09:20
18484,18484,FRUT_Y_LEG/NAVE_N_O2-18484-PTZ,Cámara con señal-Cámara grabando,04/12/2025 09:20
18485,18485,FRUT_Y_LEG/NAVE_P_Q2-18485-FIJA,Cámara con señal-Cámara grabando,04/12/2025 09:20
18486,18486,FRUT_Y_LEG/NAVE_P_Q2-18486-FIJA,Cámara con señal-Cámara grabando,04/12/2025 09:20
18487,18487,FRUT_Y_LEG/NAVE_R_S4-18487-FIJA,Cámara con señal-Cámara grabando,04/12/2025 09:20
18488,18488,FRUT_Y_LEG/NAVE_R_S2-18488-PTZ,Cámara con señal-Cámara grabando,04/12/2025 09:20
18489,18489,FRUT_Y_LEG/NAVE_R_S5-18489-FIJA,Cámara con señal-Cámara grabando,04/12/2025 09:20
18490,18490,FRUT_Y_LEG/NAVE_R_S2-18490-FIJA,Cámara con señal-Cámara grabando,04/12/2025 09:20
18491,18491,FRUT_Y_LEG/NAVE_V_W2-18491-PTZ,Cámara con señal-Cámara grabando,04/12/2025 09:20
18492,18492,FRUT_Y_LEG/NAVE_X_AEREO_2-18492-FIJA,Cámara con señal-Cámara grabando,04/12/2025 09:20
18493,18493,FRUT_Y_LEG/NAVE_X_AEREO_4-18493-PTZ,Cámara con señal-Cámara grabando,04/12/2025 09:20
18494,18494,FRUT_Y_LEG/NAVE_I_AEREO_2-18494-PTZ-4K,Cámara con señal-Cámara grabando,04/12/2025 09:20
18495,18495,FRUT_Y_LEG/NAVE_J_K4-18495-FIJA,Cámara con señal-Cámara grabando,04/12/2025 09:20
18496,18496,FRUT_Y_LEG/NAVE_J_K2-18496-FIJA,Cámara con señal-Cámara grabando,04/12/2025 09:20
18497,18497,FRUT_Y_LEG/NAVE_L_M3-18497-FIJA,Cámara con señal-Cámara grabando,04/12/2025 09:20
18498,18498,FRUT_Y_LEG/NAVE_L_M2-18498-PTZ,Cámara con señal-Cámara grabando,04/12/2025 09:20
18499,18499,FRUT_Y_LEG/NAVE_N_O3-18499-FIJA,Cámara con señal-Cámara grabando,04/12/2025 09:20
18500,18500,FRUT_Y_LEG/NAVE_N_O3-18500-FIJA,Cámara con señal-Cámara grabando,04/12/2025 09:20
18501,18501,FRUT_Y_LEG/NAVE_P_Q3-18501-FIJA,Cámara sin señal-Cámara sin grabación,04/12/2025 09:20
18502,18502,FRUT_Y_LEG/NAVE_P_Q3-18502-PTZ,Cámara sin señal-Cámara sin grabación,04/12/2025 09:20
18503,18503,FRUT_Y_LEG/NAVE_R_S6-18503-FIJA,Cámara con señal-Cámara grabando,04/12/2025 09:20
18504,18504,FRUT_Y_LEG/NAVE_R_S3-18504-FIJA,Cámara con señal-Cámara grabando,04/12/2025 09:20
18505,18505,FRUT_Y_LEG/NAVE_T_U2-18505-FIJA,Cámara con señal-Cámara grabando,04/12/2025 09:20
18506,18506,FRUT_Y_LEG/NAVE_T_U3-18506-PTZ,Cámara con señal-Cámara grabando,04/12/2025 09:20
18507,18507,FRUT_Y_LEG/NAVE_V_W3-18507-FIJA,Cámara con señal-Cámara grabando,04/12/2025 09:20
18508,18508,FRUT_Y_LEG/NAVE_V_W3-18508-FIJA,Cámara con señal-Cámara grabando,04/12/2025 09:20
18509,18509,FRUT_Y_LEG/NAVE_X_AEREO_5-18509-PTZ,Cámara con señal/intermitente-Cámara grabando/intermitente,04/12/2025 09:20
18510,18510,PERIME_CEDA/CAMELLON-18510-PTZ,Cámara con señal-Cámara grabando,04/12/2025 09:20
18511,18511,MURO_4/PEATONAL_1-18511-FACIAL,Cámara con señal-Cámara grabando,04/12/2025 09:20
18512,18512,MURO_4/PEATONAL-18512-FIJA,Cámara con señal-Cámara grabando,04/12/2025 09:20
18513,18513,MURO_4/PEATONAL_2-18513-FACIAL,Cámara con señal-Cámara grabando,04/12/2025 09:20
18514,18514,MURO_4/PEATONAL_3-18514-FACIAL,Cámara con señal-Cámara grabando,04/12/2025 09:20
18515,18515,MURO_4B/PEATONAL-18515-FACIAL,Cámara con señal-Cámara grabando,04/12/2025 09:20
18516,18516,FLORES_Y_HOR/MERCADO_AZUL_1-18516-FIJA,Cámara sin señal-Cámara sin grabación,04/12/2025 09:20
18517,18517,FLORES_Y_HOR/MERCADO_AZUL_2-18517-FIJA,Cámara sin señal-Cámara sin grabación,04/12/2025 09:20
18518,18518,FLORES_Y_HOR/COCINA-18518-PTZ,Cámara sin señal-Cámara sin grabación,04/12/2025 09:20
18519,18519,FLORES_Y_HOR/ESTACIONAMIENTO-18519-PTZ,Cámara sin señal-Cámara sin grabación,04/12/2025 09:20
18520,18520,FLORES_Y_HOR/MERCADO_FLORES-18520-FIJA,Cámara sin señal-Cámara sin grabación,04/12/2025 09:20
18521,18521,FLORES_Y_HOR/NAVE_1-18521-PTZ,Cámara sin señal-Cámara sin grabación,04/12/2025 09:20
18522,18522,FLORES_Y_HOR/NAVE_1_BANO-18522-FIJA,Cámara con señal-Cámara grabando,04/12/2025 09:20
18523,18523,FLORES_Y_HOR/NAVE_1-18523-PTZ,Cámara sin señal-Cámara sin grabación,04/12/2025 09:20
18524,18524,FLORES_Y_HOR/NAVE_2-18524-PTZ-4K,Cámara con señal-Cámara grabando,04/12/2025 09:20
18525,18525,FLORES_Y_HOR/NAVE_2_BANO-18525-FIJA,Cámara sin señal-Cámara sin grabación,04/12/2025 09:20
18526,18526,FLORES_Y_HOR/MERCADO_ROJO_1-18526-FIJA,Cámara sin señal-Cámara sin grabación,04/12/2025 09:20
18527,18527,FLORES_Y_HOR/NAVE_4-18527-PTZ-4K,Cámara con señal-Cámara grabando,04/12/2025 09:20
18528,18528,FLORES_Y_HOR/ESTACIONAMIENTO_1-18528-PTZ,Cámara sin señal-Cámara sin grabación,04/12/2025 09:20
18529,18529,FLORES_Y_HOR/NAVE_3_ESTACIONAMIENTO_2-18529-FIJA,Cámara sin señal-Cámara sin grabación,04/12/2025 09:20
18530,18530,FLORES_Y_HOR/NAVE_3_BANO-18530-FIJA,Cámara sin señal-Cámara sin grabación,04/12/2025 09:20
18531,18531,FLORES_Y_HOR/NAVE_3-18531-FIJA,Cámara con señal-Cámara grabando,04/12/2025 09:20
18532,18532,ABARR_Y_VIVE/VIAL-18532-PTZ-20M-4K,Cámara con señal-Cámara grabando,04/12/2025 09:20
18533,18533,FLORES_Y_HOR/VIAL-18533-PTZ-20M-4K,Cámara con señal-Cámara grabando,04/12/2025 09:20
18534,18534,FLORES_Y_HOR/VIAL-18534-PTZ,Cámara con señal-Cámara grabando,04/12/2025 09:20
18535,18535,FLORES_Y_HOR/MERCADO_ROJO_2-18535-FIJA,Cámara con señal-Cámara grabando,04/12/2025 09:20
18536,18536,MURO_5/EXTERIOR_CEDA-18536-PTZ-20M-4K,Cámara con señal-Cámara grabando,04/12/2025 09:20
18537,18537,VIAL/CANCHAS_FUTBOL-18537-PTZ,Cámara con señal-Cámara grabando,04/12/2025 09:20
18538,18538,VIAL/CORREDOR_ECO-18538-FIJA-20M-4K,Cámara con señal-Cámara grabando,04/12/2025 09:20
18539,18539,MURO_5/PEATONAL_1-18539-FACIAL,Cámara con señal-Cámara grabando,04/12/2025 09:20
18540,18540,MURO_5/CARRIL_1-18540-LPR,Cámara con señal-Cámara grabando,04/12/2025 09:20
18541,18541,MURO_5/CARRIL_2-18541-LPR,Cámara con señal-Cámara grabando,04/12/2025 09:20
18542,18542,MURO_5/CARRIL_3-18542-LPR,Cámara con señal-Cámara grabando,04/12/2025 09:20
18543,18543,MURO_5/CARRIL_4-18543-LPR,Cámara con señal-Cámara grabando,04/12/2025 09:20
18544,18544,MURO_5/CARRIL_5-18544-LPR,Cámara con señal-Cámara grabando,04/12/2025 09:20
18545,18545,MURO_5/CARRIL_6-18545-LPR,Cámara sin señal-Cámara sin grabación,04/12/2025 09:20
18546,18546,MURO_5/CARRIL_7-18546-LPR,Cámara con señal-Cámara grabando,04/12/2025 09:20
18547,18547,MURO_5/CARRIL_8-18547-LPR,Cámara con señal-Cámara grabando,04/12/2025 09:20
18548,18548,MURO_5/CARRIL_9-18548-LPR,Cámara con señal-Cámara grabando,04/12/2025 09:20
18549,18549,MURO_5/CARRIL_10-18549-LPR,Cámara con señal-Cámara grabando,04/12/2025 09:20
18550,18550,MURO_5/PEATONAL_2-18550-FACIAL,Cámara con señal-Cámara grabando,04/12/2025 09:20
18551,18551,ZONA_TRANS/VIAL_1-18551-FIJA,Cámara con señal-Cámara grabando,04/12/2025 09:20
18552,18552,ENVASES_VACIOS/VIAL-18552-PTZ,Cámara con señal-Cámara grabando,04/12/2025 09:20
18553,18553,ZONA_TRANS/VIAL_2-18553-FIJA,Cámara con señal-Cámara grabando,04/12/2025 09:20
18554,18554,ENVASES_VACIOS/VIAL_1-18554-FIJA,Cámara sin señal-Cámara sin grabación,04/12/2025 09:20
18555,18555,ENVASES_VACIOS/CORREDOR_ECO-18555-PTZ,Cámara sin señal-Cámara sin grabación,04/12/2025 09:20
18556,18556,ZONA_TRANS/VIAL_3-18556-FIJA,Cámara sin señal-Cámara sin grabación,04/12/2025 09:20
18557,18557,ENVASES_VACIOS/VIAL_2-18557-FIJA,Cámara sin señal-Cámara sin grabación,04/12/2025 09:20
18558,18558,ZONA_TRANS/CALLE_2_3-18558-PTZ-20M-4K,Cámara con señal-Cámara grabando,04/12/2025 09:20
18559,18559,ENVASES_VACIOS/VIAL_3-18559-FIJA,Cámara sin señal-Cámara sin grabación,04/12/2025 09:20
18560,18560,ZONA_TRANS/CURVA_INCORPORACION-18560-FIJA,Cámara con señal-Cámara grabando,04/12/2025 09:20
18561,18561,ZONA_TRANS/BASCULA-18561-18561-PTZ,Cámara con señal-Cámara grabando,04/12/2025 09:20
18562,18562,SUBA_Y_PROD/VIAL-18562-PTZ-20M-4K,Cámara con señal-Cámara grabando,04/12/2025 09:20
18563,18563,MURO_6/PEATONAL_1-18563-FACIAL,Cámara con señal-Cámara grabando,04/12/2025 09:20
18564,18564,MURO_6/CARRIL_1-18564-FIJA,Cámara con señal-Cámara grabando,04/12/2025 09:20
18565,18565,MURO_6/CARRIL_2-18565-FIJA,Cámara con señal-Cámara grabando,04/12/2025 09:20
18566,18566,MURO_6/PEATONAL_2-18566-FACIAL,Cámara con señal-Cámara grabando,04/12/2025 09:20
18567,18567,VIAL_/CORREDOR_ECO_1-18567-PTZ,Cámara con señal-Cámara grabando,04/12/2025 09:20
18568,18568,SUBA_Y_PROD/SECTOR_CARRETILLERO-18568-PTZ,Cámara con señal-Cámara grabando,04/12/2025 09:20
18569,18569,SUBA_Y_PROD/CASETA-18569-FIJA,Cámara con señal-Cámara grabando,04/12/2025 09:20
18570,18570,SUBA_Y_PROD/ANDEN_4_1-18570-FIJA,Cámara sin señal-Cámara sin grabación,04/12/2025 09:20
18571,18571,SUBA_Y_PROD/ANDEN_4_2-18571-FIJA,Cámara con señal-Cámara grabando,04/12/2025 09:20
18572,18572,SUBA_Y_PROD/ANDEN_4_3-18572-FIJA,Cámara con señal-Cámara grabando,04/12/2025 09:20
18573,18573,SUBA_Y_PROD/ANDEN_4-18573-PTZ,Cámara sin señal-Cámara sin grabación,04/12/2025 09:20
18574,18574,SUBA_Y_PROD/ANDEN_4-18574-FIJA,Cámara sin señal-Cámara sin grabación,04/12/2025 09:20
18575,18575,SUBA_Y_PROD/PEATONAL_1-18575-FACIAL,Cámara con señal-Cámara grabando,04/12/2025 09:20
18576,18576,SUBA_Y_PROD/SALIDA_5-18576-FIJA,Cámara con señal-Cámara grabando,04/12/2025 09:20
18577,18577,SUBA_Y_PROD/ANDEN_3_1-18577-FIJA,Cámara con señal-Cámara grabando,04/12/2025 09:20
18578,18578,SUBA_Y_PROD/ANDEN_3-18578-PTZ,Cámara sin señal-Cámara sin grabación,04/12/2025 09:20
18579,18579,SUBA_Y_PROD/ANDEN_3_2-18579-FIJA,Cámara con señal-Cámara grabando,04/12/2025 09:20
18580,18580,SUBA_Y_PROD/ANDEN_3_3-18580-FIJA,Cámara sin señal-Cámara sin grabación,04/12/2025 09:20
18581,18581,SUBA_Y_PROD/ANDEN_3_4-18581-FIJA,Cámara sin señal-Cámara sin grabación,04/12/2025 09:20
18582,18582,SUBA_Y_PROD/SALIDA_4-18582-FIJA,Cámara con señal-Cámara grabando,04/12/2025 09:20
18583,18583,SUBA_Y_PROD/ANDEN_2_1-18583-FIJA,Cámara sin señal-Cámara sin grabación,04/12/2025 09:20
18584,18584,SUBA_Y_PROD/ANDEN_2_2-18584-FIJA,Cámara sin señal-Cámara sin grabación,04/12/2025 09:20
18585,18585,SUBA_Y_PROD/ANDEN_2_3-18585-FIJA,Cámara sin señal-Cámara sin grabación,04/12/2025 09:20
18586,18586,SUBA_Y_PROD/ANDEN_2-18586-PTZ,Cámara sin señal-Cámara sin grabación,04/12/2025 09:20
18587,18587,SUBA_Y_PROD/ANDEN_2_4-18587-FIJA,Cámara sin señal-Cámara sin grabación,04/12/2025 09:20
18588,18588,SUBA_Y_PROD/SALIDA_3-18588-FIJA,Cámara con señal-Cámara grabando,04/12/2025 09:20
18589,18589,SUBA_Y_PROD/ANDEN_1-18589-FIJA,Cámara con señal-Cámara grabando,04/12/2025 09:20
18590,18590,SUBA_Y_PROD/ANDEN_1-18590-PTZ,Cámara con señal-Cámara grabando,04/12/2025 09:20
18591,18591,SUBA_Y_PROD/ANDEN_1_2-18591-FIJA,Cámara con señal-Cámara grabando,04/12/2025 09:20
18592,18592,SUBA_Y_PROD/ANDEN_1_3-18592-FIJA,Cámara sin señal-Cámara sin grabación,04/12/2025 09:20
18593,18593,SUBA_Y_PROD/ANDEN_1_4-18593-FIJA,Cámara sin señal-Cámara sin grabación,04/12/2025 09:20
18594,18594,SUBA_Y_PROD/SALIDA_2-18594-FIJA,Cámara con señal-Cámara grabando,04/12/2025 09:20
18595,18595,SUBA_Y_PROD/PERNOCTITA1-18595-PTZ,Cámara con señal-Cámara grabando,04/12/2025 09:20
18596,18596,SUBA_Y_PROD/PERNOCTITA2-18596-PTZ,Cámara con señal-Cámara grabando,04/12/2025 09:20
18597,18597,SUBA_Y_PROD/PEATONAL_2-18597-FACIAL,Cámara con señal-Cámara grabando,04/12/2025 09:20
18598,18598,SUBA_Y_PROD/SALIDA_1-18598-FIJA,Cámara con señal-Cámara grabando,04/12/2025 09:20
18599,18599,MURO_7/PEATONAL_1-18599-FACIAL,Cámara con señal-Cámara grabando,04/12/2025 09:20
18600,18600,MURO_7/PEATONAL_2-18600-FACIAL,Cámara con señal-Cámara grabando,04/12/2025 09:20
18601,18601,MURO_7/PEATONAL_3-18601-FACIAL,Cámara con señal-Cámara grabando,04/12/2025 09:20
18602,18602,MURO_7/PEATONAL_4-18602-FACIAL,Cámara con señal-Cámara grabando,04/12/2025 09:20
18603,18603,MURO_7/PLANCHA_1-18603-FIJA,Cámara con señal-Cámara grabando,04/12/2025 09:20
18604,18604,MURO_7/INGRESO-18604-FACIAL,Cámara con señal-Cámara grabando,04/12/2025 09:20
18605,18605,MURO_7/SALIDA-18605-FACIAL,Cámara con señal-Cámara grabando,04/12/2025 09:20
18606,18606,MURO_7/CARRIL_5-18606-LPR,Cámara con señal-Cámara grabando,04/12/2025 09:20
18607,18607,MURO_8/CARRIL_2-18607-LPR,Cámara con señal-Cámara grabando,04/12/2025 09:20
18608,18608,MURO_9/PEATONAL_3-18608-FACIAL,Cámara con señal-Cámara grabando,04/12/2025 09:20
18609,18609,MURO_7/PLANCHA_2-18609-FIJA,Cámara con señal-Cámara grabando,04/12/2025 09:20
18610,18610,VIALIDAD/CORREDOR_ECO_2-18610-PTZ,Cámara con señal-Cámara grabando,04/12/2025 09:20
18611,18611,AVE_Y_CARN/PASILLO_A-18611-FIJA,Cámara con señal-Cámara grabando,04/12/2025 09:20
18612,18612,MURO_8-18612-FIJA-20M-4K,Cámara con señal-Cámara grabando,04/12/2025 09:20
18613,18613,MURO_8/PEATONAL_3-18613-FACIAL,Cámara con señal-Cámara grabando,04/12/2025 09:20
18614,18614,AVE_Y_CARN/ANDEN_B-18614-FIJA,Cámara con señal-Cámara grabando,04/12/2025 09:20
18615,18615,AVE_Y_CARN/ANDEN_C-18615-FIJA,Cámara con señal-Cámara grabando,04/12/2025 09:20
18616,18616,AVE_Y_CARN/ANDEN_D1-18616-FIJA,Cámara sin señal-Cámara sin grabación,04/12/2025 09:20
18617,18617,AVE_Y_CARN/ANDEN_D2-18617-FIJA,Cámara con señal-Cámara grabando,04/12/2025 09:20
18618,18618,MURO_8/CARRIL_1-18618-LPR,Cámara sin señal-Cámara sin grabación,04/12/2025 09:20
18619,18619,MURO_8/CARRIL_2-18619-LPR,Cámara sin señal-Cámara sin grabación,04/12/2025 09:20
18620,18620,ADMIN/ESTACIONAMIENTO_C2CEDA-18620-PTZ,Cámara con señal-Cámara grabando,04/12/2025 09:20
18621,18621,PENS_Y_PERN/REJA_PERIMETRO-18621-FIJA,Cámara con señal-Cámara grabando,04/12/2025 09:20
18622,18622,NUEVA_VIGA/PARADERO_PONIENTE-18622-PTZ,Cámara con señal-Cámara grabando,04/12/2025 09:20
18623,18623,NUEVA_VIGA/REST_SUBESTACION-18623-FIJA,Cámara con señal-Cámara grabando,04/12/2025 09:20
18624,18624,PERICEDA/VIAL_HUALQUILA-18624-FIJA,Cámara con señal-Cámara grabando,04/12/2025 09:20
18625,18625,AVE_Y_CARN/VIALIDAD-18625-FIJA,Cámara con señal-Cámara grabando,04/12/2025 09:20
18626,18626,PARADEROS/VIAL_CAMP_PEPENADORES_1-18626-FIJA,Cámara con señal-Cámara grabando,04/12/2025 09:20
18627,18627,PARADEROS/VIAL_CAMP_PEPENADORES_2-18627-FIJA,Cámara con señal-Cámara grabando,04/12/2025 09:20
18628,18628,PERICEDA/VIAL_PUENTE_PAJA-18628-FIJA,Cámara con señal-Cámara grabando,04/12/2025 09:20
18629,18629,PERICEDA/VIAL_MAYORISTAS-18629-FIJA,Cámara sin señal-Cámara sin grabación,04/12/2025 09:20
18630,18630,PERICEDA/VIAL_POCHTECAS-18630-FIJA,Cámara con señal-Cámara grabando,04/12/2025 09:20
18631,18631,PERICEDA/VIAL_ABARROTES_Y_VIVERES-18631-FIJA,Cámara con señal-Cámara grabando,04/12/2025 09:20
18632,18632,NUEVA_VIGA/ESTACIONAMIENTO_1-18632-FIJA,Cámara con señal-Cámara grabando,04/12/2025 09:20
18633,18633,PERICEDA/VIAL_AV.TEZONTLE-18633-FIJA,Cámara con señal-Cámara grabando,04/12/2025 09:20
18634,18634,NUEVA_VIGA/ESTACIONAMIENTO_2-18634-FIJA,Cámara con señal-Cámara grabando,04/12/2025 09:20
18635,18635,NUEVA_VIGA/ESTACIONAMIENTO_3-18635-FIJA,Cámara con señal-Cámara grabando,04/12/2025 09:20
673,101769,C2O-ABASTO-101769-673-FIJA,Cámara con señal-Cámara grabando,04/12/2025 09:20
673,101770,C2O-ABASTO-101770-673-FIJA,Cámara con señal-Cámara grabando,04/12/2025 09:20
673,101771,C2O-ABASTO-101771-673-FIJA,Cámara con señal-Cámara grabando,04/12/2025 09:20
673,101772,C2O-ABASTO-101772-673-FIJA,Cámara con señal-Cámara grabando,04/12/2025 09:20
1092,102649,C2O-ABASTO-102649-1092-FIJA,Cámara con señal-Cámara grabando,04/12/2025 09:20
1092,102650,C2O-ABASTO-102650-1092-FIJA,Cámara con señal-Cámara grabando,04/12/2025 09:20
1092,102651,C2O-ABASTO-102651-1092-FIJA,Cámara con señal-Cámara grabando,04/12/2025 09:20
1092,102652,C2O-ABASTO-102652-1092-FIJA,Cámara con señal-Cámara grabando,04/12/2025 09:20
1131,102761,C2O-ABASTO-102761-1131-FIJA,Cámara con señal-Cámara grabando,04/12/2025 09:20
1131,102762,C2O-ABASTO-102762-1131-FIJA,Cámara con señal-Cámara grabando,04/12/2025 09:20
1131,102763,C2O-ABASTO-102763-1131-FIJA,Cámara con señal-Cámara grabando,04/12/2025 09:20
1131,102764,C2O-ABASTO-102764-1131-FIJA,Cámara con señal-Cámara grabando,04/12/2025 09:20
1625,103641,C2O-ABASTO-103641-1625-FIJA,Cámara con señal/intermitente-Cámara grabando/intermitente,04/12/2025 09:20
1625,103642,C2O-ABASTO-103642-1625-FIJA,Cámara con señal/intermitente-Cámara grabando/intermitente,04/12/2025 09:20
1625,103643,C2O-ABASTO-103643-1625-FIJA,Cámara con señal/intermitente-Cámara grabando/intermitente,04/12/2025 09:20
1625,103644,C2O-ABASTO-103644-1625-FIJA,Cámara con señal/intermitente-Cámara grabando/intermitente,04/12/2025 09:20
1732,103841,C2O-ABASTO-103841-1732-FIJA,Cámara con señal-Cámara grabando,04/12/2025 09:20
1732,103842,C2O-ABASTO-103842-1732-FIJA,Cámara con señal-Cámara grabando,04/12/2025 09:20
1732,103843,C2O-ABASTO-103843-1732-FIJA,Cámara con señal-Cámara grabando,04/12/2025 09:20
1732,103844,C2O-ABASTO-103844-1732-FIJA,Cámara con señal-Cámara grabando,04/12/2025 09:20
4728,108557,C2O-ABASTO-108557-4728-FIJA,Cámara con señal-Cámara grabando,04/12/2025 09:20
4728,108558,C2O-ABASTO-108558-4728-FIJA,Cámara con señal-Cámara grabando,04/12/2025 09:20
4728,108559,C2O-ABASTO-108559-4728-FIJA,Cámara con señal-Cámara grabando,04/12/2025 09:20
4728,108560,C2O-ABASTO-108560-4728-FIJA,Cámara con señal-Cámara grabando,04/12/2025 09:20
4902,108973,C2O-GRANJA-108973-4902-FIJA,Cámara con señal-Cámara grabando,04/12/2025 09:20
4902,108974,C2O-GRANJA-108974-4902-FIJA,Cámara con señal-Cámara grabando,04/12/2025 09:20
4902,108975,C2O-GRANJA-108975-4902-FIJA,Cámara con señal-Cámara grabando,04/12/2025 09:20
4902,108976,C2O-GRANJA-108976-4902-FIJA,Cámara con señal-Cámara grabando,04/12/2025 09:20
4907,108981,C2O-GRANJA-108981-4907-FIJA,Cámara con señal-Cámara grabando,04/12/2025 09:20
4907,108982,C2O-GRANJA-108982-4907-FIJA,Cámara con señal-Cámara grabando,04/12/2025 09:20
4907,108983,C2O-GRANJA-108983-4907-FIJA,Cámara con señal-Cámara grabando,04/12/2025 09:20
4907,108984,C2O-GRANJA-108984-4907-FIJA,Cámara con señal-Cámara grabando,04/12/2025 09:20
4933,109077,C2O-ABASTO-109077-4933-FIJA,Cámara con señal-Cámara grabando,04/12/2025 09:20
4933,109078,C2O-ABASTO-109078-4933-FIJA,Cámara con señal-Cámara grabando,04/12/2025 09:20
4933,109079,C2O-ABASTO-109079-4933-FIJA,Cámara con señal-Cámara grabando,04/12/2025 09:20
4933,109080,C2O-ABASTO-109080-4933-FIJA,Cámara con señal-Cámara grabando,04/12/2025 09:20
4957,109125,C2O-ABASTO-109125-4957-FIJA,Cámara sin señal-Cámara sin grabación,04/12/2025 09:20
4957,109126,C2O-ABASTO-109126-4957-FIJA,Cámara sin señal-Cámara sin grabación,04/12/2025 09:20
4957,109127,C2O-ABASTO-109127-4957-FIJA,Cámara sin señal-Cámara sin grabación,04/12/2025 09:20
4957,109128,C2O-ABASTO-109128-4957-FIJA,Cámara sin señal-Cámara sin grabación,04/12/2025 09:20
5000,109229,C2O-ABASTO-109229-5000-FIJA,Cámara con señal-Cámara grabando,04/12/2025 09:20
5000,109230,C2O-ABASTO-109230-5000-FIJA,Cámara con señal-Cámara grabando,04/12/2025 09:20
5000,109231,C2O-ABASTO-109231-5000-FIJA,Cámara con señal-Cámara grabando,04/12/2025 09:20
5000,109232,C2O-ABASTO-109232-5000-FIJA,Cámara con señal-Cámara grabando,04/12/2025 09:20
5051,109377,C2O-ABASTO-109377-5051-FIJA,Cámara con señal-Cámara grabando,04/12/2025 09:20
5051,109378,C2O-ABASTO-109378-5051-FIJA,Cámara con señal-Cámara grabando,04/12/2025 09:20
5051,109379,C2O-ABASTO-109379-5051-FIJA,Cámara con señal-Cámara grabando,04/12/2025 09:20
5051,109380,C2O-ABASTO-109380-5051-FIJA,Cámara con señal-Cámara grabando,04/12/2025 09:20
5104,109537,C2O-ABASTO-109537-5104-FIJA,Cámara con señal-Cámara grabando,04/12/2025 09:20
5104,109538,C2O-ABASTO-109538-5104-FIJA,Cámara con señal-Cámara grabando,04/12/2025 09:20
5104,109539,C2O-ABASTO-109539-5104-FIJA,Cámara con señal-Cámara grabando,04/12/2025 09:20
5104,109540,C2O-ABASTO-109540-5104-FIJA,Cámara con señal-Cámara grabando,04/12/2025 09:20
801,117733,C2O-ABASTO-117733-801-FIJA,Cámara sin señal-Cámara sin grabación,04/12/2025 09:20
801,117734,C2O-ABASTO-117734-801-FIJA,Cámara sin señal-Cámara sin grabación,04/12/2025 09:20
801,117735,C2O-ABASTO-117735-801-FIJA,Cámara sin señal-Cámara sin grabación,04/12/2025 09:20
801,117736,C2O-ABASTO-117736-801-FIJA,Cámara sin señal-Cámara sin grabación,04/12/2025 09:20
4745,117737,C2O-ABASTO-117737-4745-FIJA,Cámara con señal-Cámara grabando,04/12/2025 09:20
4745,117738,C2O-ABASTO-117738-4745-FIJA,Cámara con señal-Cámara grabando,04/12/2025 09:20
4745,117739,C2O-ABASTO-117739-4745-FIJA,Cámara con señal-Cámara grabando,04/12/2025 09:20
4745,117740,C2O-ABASTO-117740-4745-FIJA,Cámara con señal-Cámara grabando,04/12/2025 09:20
4814,117741,C2O-ABASTO-117741-4814-FIJA,Cámara sin señal-Cámara sin grabación,04/12/2025 09:20
4814,117742,C2O-ABASTO-117742-4814-FIJA,Cámara sin señal-Cámara sin grabación,04/12/2025 09:20
4814,117743,C2O-ABASTO-117743-4814-FIJA,Cámara sin señal-Cámara sin grabación,04/12/2025 09:20
4814,117744,C2O-ABASTO-117744-4814-FIJA,Cámara sin señal-Cámara sin grabación,04/12/2025 09:20
5211,117745,C2O-ABASTO-117745-5211-FIJA,Cámara sin señal-Cámara sin grabación,04/12/2025 09:20
5211,117746,C2O-ABASTO-117746-5211-FIJA,Cámara sin señal-Cámara sin grabación,04/12/2025 09:20
5211,117747,C2O-ABASTO-117747-5211-FIJA,Cámara sin señal-Cámara sin grabación,04/12/2025 09:20
5211,117748,C2O-ABASTO-117748-5211-FIJA,Cámara sin señal-Cámara sin grabación,04/12/2025 09:20
18414,127940,FRUT_Y_LEG/NAVE_W5-18414-127940-FIJA,Cámara desactivada,04/12/2025 09:20
18414,127941,FRUT_Y_LEG/NAVE_W5-18414-127941-FIJA,Cámara desactivada,04/12/2025 09:20
18414,127942,FRUT_Y_LEG/NAVE_W5-18414-127942-FIJA,Cámara desactivada,04/12/2025 09:20
18155,127943,ABARR_Y_VIVE/NAVE_F_G_AEREO_2-18155-127943-FIJA,Cámara desactivada,04/12/2025 09:20
18561,127944,ZONA_TRANS/BASCULA-18561-127944-FIJA,Cámara con señal-Cámara grabando,04/12/2025 09:20
18561,127945,ZONA_TRANS/BASCULA-18561-127945-FIJA,Cámara con señal-Cámara grabando,04/12/2025 09:20
18561,127946,ZONA_TRANS/BASCULA-18561-127946-FIJA,Cámara con señal-Cámara grabando,04/12/2025 09:20
18561,127947,ZONA_TRANS/BASCULA-18561-127947-FIJA,Cámara con señal-Cámara grabando,04/12/2025 09:20
18448,127956,FRUT_Y_LEG/NAVE_T_U1-127956-18448-FIJA,Cámara con señal-Cámara grabando,04/12/2025 09:20
18448,127957,FRUT_Y_LEG/NAVE_T_U1-127957-18448-FIJA,Cámara con señal-Cámara grabando,04/12/2025 09:20
18448,127958,FRUT_Y_LEG/NAVE_T_U1-127958-18448-FIJA,Cámara con señal-Cámara grabando,04/12/2025 09:20
18448,127959,FRUT_Y_LEG/NAVE_T_U1-127959-18448-FIJA,Cámara con señal-Cámara grabando,04/12/2025 09:20
