"Total de registros", 899
"Sitio","Id STV","Id Flujo","Etiqueta","Eventos"
"C2CENTRO","10149","10149","C2C-ANGEL-10149-10149-PTZ","9230"
"C2CENTRO","7954","118031","C2C-ROMA-118031-7954-FIJA","7231"
"C2CENTRO","2419","2419","C2C-CENTRO-2419-2419-PTZ","1710"
"C2CENTRO","8087","120353","C2C-ASTURI-120353-8087-FIJA","1691"
"C2CENTRO","2419","117814","C2C-CENTRO-117814-2419-FIJA","1499"
"C2CENTRO","2419","117816","C2C-CENTRO-117816-2419-FIJA","1433"
"C2CENTRO","2419","117815","C2C-CENTRO-117815-2419-FIJA","1264"
"C2CENTRO","2419","117813","C2C-CENTRO-117813-2419-FIJA","1100"
"C2CENTRO","8087","120356","C2C-ASTURI-120356-8087-FIJA","724"
"C2CENTRO","10143","10143","C2C-TLATEL-10143-10143-PTZ","646"
"C2CENTRO","8087","120355","C2C-ASTURI-120355-8087-FIJA","616"
"C2CENTRO","6735","115393","C2C-ROMA-115393-6735-FIJA","583"
"C2CENTRO","6735","6735","C2C-ROMA-6735-6735-PTZ","528"
"C2CENTRO","2642","2642","C2C-ROMA-2642-2642-PTZ","510"
"C2CENTRO","2484","2484","C2C-ALAMED-2484-2484-PTZ","456"
"C2CENTRO","10177","10177","C2C-TLATEL-10177-10177-PTZ","451"
"C2CENTRO","6754","6754","C2C-ROMA-6754-6754-PTZ","445"
"C2CENTRO","6754","130149","C2C-ROMA-130149-6754-FIJA","439"
"C2CENTRO","2484","116892","C2C-ALAMED-116892-2484-FIJA","436"
"C2CENTRO","6754","130152","C2C-ROMA-130152-6754-FIJA","435"
"C2CENTRO","2484","116890","C2C-ALAMED-116890-2484-FIJA","419"
"C2CENTRO","10184","10184","C2C-BUENAV-10184-10184-PTZ","413"
"C2CENTRO","1733","1733","C2C-TLATEL-1733-1733-PTZ","403"
"C2CENTRO","6754","130151","C2C-ROMA-130151-6754-FIJA","377"
"C2CENTRO","2484","116891","C2C-ALAMED-116891-2484-FIJA","371"
"C2CENTRO","2484","116889","C2C-ALAMED-116889-2484-FIJA","363"
"C2CENTRO","6735","115394","C2C-ROMA-115394-6735-FIJA","339"
"C2CENTRO","6754","130150","C2C-ROMA-130150-6754-FIJA","336"
"C2CENTRO","8087","8087","C2C-ASTURI-8087-8087-PTZ","335"
"C2CENTRO","6671","125737","C2C-TLATEL-125737-6671-FIJA","325"
"C2CENTRO","6735","115395","C2C-ROMA-115395-6735-FIJA","324"
"C2CENTRO","2196","2196","C2C-ALAMED-2196-2196-PTZ","318"
"C2CENTRO","17404","17404","C2C-MORELO-17404-17404-PTZ","299"
"C2CENTRO","17404","121485","C2C-MORELO-121485-17404-FIJA","285"
"C2CENTRO","6671","125738","C2C-TLATEL-125738-6671-FIJA","275"
"C2CENTRO","17404","121486","C2C-MORELO-121486-17404-FIJA","269"
"C2CENTRO","6671","6671","C2C-TLATEL-6671-6671-PTZ","260"
"C2CENTRO","17404","121484","C2C-MORELO-121484-17404-FIJA","253"
"C2CENTRO","17404","121483","C2C-MORELO-121483-17404-FIJA","251"
"C2CENTRO","5450","120329","C2C-TLATEL-120329-5450-FIJA","246"
"C2CENTRO","6671","125735","C2C-TLATEL-125735-6671-FIJA","242"
"C2CENTRO","5428","5428","C2C-TLATEL-5428-5428-PTZ","236"
"C2CENTRO","2317","2317","C2C-ASTURI-2317-2317-PTZ-20M","222"
"C2CENTRO","2575","2575","C2C-ROMA-2575-2575-PTZ-20M","189"
"C2CENTRO","9301","9301","C2C-ASTURI-9301-9301-PTZ","179"
"C2CENTRO","6735","115396","C2C-ROMA-115396-6735-FIJA","161"
"C2CENTRO","6699","118613","C2C-ROMA-118613-6699-FIJA","152"
"C2CENTRO","6699","118614","C2C-ROMA-118614-6699-FIJA","151"
"C2CENTRO","10317","10317","C2C-TLATEL-10317-10317-PTZ","149"
"C2CENTRO","6699","6699","C2C-ROMA-6699-6699-PTZ","123"
"C2CENTRO","6699","118615","C2C-ROMA-118615-6699-FIJA","108"
"C2CENTRO","5450","120332","C2C-TLATEL-120332-5450-FIJA","106"
"C2CENTRO","6671","125736","C2C-TLATEL-125736-6671-FIJA","95"
"C2CENTRO","2621","130399","C2C-ROMA-130399-2621-FIJA","92"
"C2CENTRO","2642","121156","C2C-ROMA-121156-2642-FIJA","90"
"C2CENTRO","2642","121155","C2C-ROMA-121155-2642-FIJA","85"
"C2CENTRO","8087","120354","C2C-ASTURI-120354-8087-FIJA","81"
"C2CENTRO","2621","130397","C2C-ROMA-130397-2621-FIJA","81"
"C2CENTRO","2642","121153","C2C-ROMA-121153-2642-FIJA","80"
"C2CENTRO","807","807","C2C-ROMA-807-807-PTZ-20M","79"
"C2CENTRO","2202","2202","C2C-ALAMED-2202-2202-PTZ","77"
"C2CENTRO","2621","130398","C2C-ROMA-130398-2621-FIJA","73"
"C2CENTRO","2642","121154","C2C-ROMA-121154-2642-FIJA","72"
"C2CENTRO","2398","2398","C2C-TLATEL-2398-2398-PTZ-20M","71"
"C2CENTRO","10172","10172","C2C-ASTURI-10172-10172-PTZ","70"
"C2CENTRO","2621","130400","C2C-ROMA-130400-2621-FIJA","70"
"C2CENTRO","2621","2621","C2C-ROMA-2621-2621-PTZ","69"
"C2CENTRO","6699","118616","C2C-ROMA-118616-6699-FIJA","48"
"C2CENTRO","2424","2424","C2C-CENTRO-2424-2424-PTZ","48"
"C2CENTRO","466","466","C2C-TLATEL-466-466-PTZ","44"
"C2CENTRO","2251","2251","C2C-ASTURI-2251-2251-PTZ-20M","44"
"C2CENTRO","2465","2465","C2C-CENTRO-2465-2465-PTZ","43"
"C2CENTRO","5450","120331","C2C-TLATEL-120331-5450-FIJA","37"
"C2CENTRO","6718","130120","C2C-BUENAV-130120-6718-FIJA","37"
"C2CENTRO","2615","119385","C2C-ROMA-119385-2615-FIJA","36"
"C2CENTRO","8055","8055","C2C-TLATEL-8055-8055-PTZ-20M","35"
"C2CENTRO","7757","7757","C2C-TLATEL-7757-7757-PTZ","33"
"C2CENTRO","2481","2481","C2C-MORELO-2481-2481-PTZ","33"
"C2CENTRO","5427","120964","C2C-TLATEL-120964-5427-FIJA","30"
"C2CENTRO","5450","120330","C2C-TLATEL-120330-5450-FIJA","29"
"C2CENTRO","5427","5427","C2C-TLATEL-5427-5427-PTZ","27"
"C2CENTRO","134","134","C2C-BUENAV-134-134-PTZ","27"
"C2CENTRO","2188","2188","C2C-ALAMED-2188-2188-PTZ","26"
"C2CENTRO","5427","120961","C2C-TLATEL-120961-5427-FIJA","24"
"C2CENTRO","2440","180059","C2C-CENTRO-180059-2440-FIJA","24"
"C2CENTRO","10015","10015","C2C-ROMA-10015-10015-PTZ-20M","23"
"C2CENTRO","2615","119386","C2C-ROMA-119386-2615-FIJA","23"
"C2CENTRO","5427","120962","C2C-TLATEL-120962-5427-FIJA","22"
"C2CENTRO","2615","119387","C2C-ROMA-119387-2615-FIJA","21"
"C2CENTRO","5432","124991","C2C-TLATEL-124991-5432-FIJA","20"
"C2CENTRO","5450","5450","C2C-TLATEL-5450-5450-PTZ","20"
"C2CENTRO","5432","124992","C2C-TLATEL-124992-5432-FIJA","20"
"C2CENTRO","5432","124994","C2C-TLATEL-124994-5432-FIJA","20"
"C2CENTRO","2554","119203","C2C-MORELO-119203-2554-FIJA","19"
"C2CENTRO","2554","119204","C2C-MORELO-119204-2554-FIJA","19"
"C2CENTRO","5432","5432","C2C-TLATEL-5432-5432-PTZ","19"
"C2CENTRO","2543","121130","C2C-CENTRO-121130-2543-FIJA","18"
"C2CENTRO","2200","117486","C2C-ROMA-117486-2200-FIJA","18"
"C2CENTRO","7980","7980","C2C-BUENAV-7980-7980-PTZ","17"
"C2CENTRO","16947","16947","C2C-TLATEL-16947-16947-PTZ","17"
"C2CENTRO","2554","119202","C2C-MORELO-119202-2554-FIJA","17"
"C2CENTRO","8083","120653","C2C-ASTURI-120653-8083-FIJA","17"
"C2CENTRO","2615","2615","C2C-ROMA-2615-2615-PTZ","17"
"C2CENTRO","5432","124993","C2C-TLATEL-124993-5432-FIJA","17"
"C2CENTRO","7980","113766","C2C-BUENAV-113766-7980-FIJA","17"
"C2CENTRO","2615","119388","C2C-ROMA-119388-2615-FIJA","17"
"C2CENTRO","2440","180057","C2C-CENTRO-180057-2440-FIJA","16"
"C2CENTRO","2554","2554","C2C-MORELO-2554-2554-PTZ","16"
"C2CENTRO","502","101335","C2C-ASTURI-101335-502-FIJA","16"
"C2CENTRO","893","116318","C2C-ROMA-116318-893-FIJA","16"
"C2CENTRO","502","101334","C2C-ASTURI-101334-502-FIJA","16"
"C2CENTRO","2543","121131","C2C-CENTRO-121131-2543-FIJA","15"
"C2CENTRO","893","116317","C2C-ROMA-116317-893-FIJA","15"
"C2CENTRO","6718","130119","C2C-BUENAV-130119-6718-FIJA","15"
"C2CENTRO","893","116320","C2C-ROMA-116320-893-FIJA","15"
"C2CENTRO","2397","2397","C2C-ALAMED-2397-2397-PTZ","15"
"C2CENTRO","893","116319","C2C-ROMA-116319-893-FIJA","15"
"C2CENTRO","2554","119201","C2C-MORELO-119201-2554-FIJA","15"
"C2CENTRO","7980","113767","C2C-BUENAV-113767-7980-FIJA","15"
"C2CENTRO","5427","120963","C2C-TLATEL-120963-5427-FIJA","14"
"C2CENTRO","502","502","C2C-ASTURI-502-502-PTZ","14"
"C2CENTRO","8034","121055","C2C-ROMA-121055-8034-FIJA","14"
"C2CENTRO","6726","122263","C2C-MORELO-122263-6726-FIJA","14"
"C2CENTRO","2543","2543","C2C-CENTRO-2543-2543-PTZ","14"
"C2CENTRO","893","893","C2C-ROMA-893-893-PTZ","14"
"C2CENTRO","6715","119298","C2C-ROMA-119298-6715-FIJA","13"
"C2CENTRO","10055","122641","C2C-CENTRO-122641-10055-FIJA","13"
"C2CENTRO","10055","10055","C2C-CENTRO-10055-10055-PTZ","13"
"C2CENTRO","10055","122640","C2C-CENTRO-122640-10055-FIJA","13"
"C2CENTRO","8034","8034","C2C-ROMA-8034-8034-PTZ","12"
"C2CENTRO","6715","119297","C2C-ROMA-119297-6715-FIJA","12"
"C2CENTRO","2440","180060","C2C-CENTRO-180060-2440-FIJA","12"
"C2CENTRO","8058","122416","C2C-TLATEL-122416-8058-FIJA","12"
"C2CENTRO","10055","122642","C2C-CENTRO-122642-10055-FIJA","12"
"C2CENTRO","13421","13421","C2C-ANGEL-13421-13421-PTZ-20M","12"
"C2CENTRO","2221","2221","C2C-ASTURI-2221-2221-PTZ-20M","12"
"C2CENTRO","6715","119300","C2C-ROMA-119300-6715-FIJA","11"
"C2CENTRO","6715","119299","C2C-ROMA-119299-6715-FIJA","11"
"C2CENTRO","10118","122653","C2C-ALAMED-122653-10118-FIJA","11"
"C2CENTRO","2457","2457","C2C-ALAMED-2457-2457-PTZ","11"
"C2CENTRO","10145","122708","C2C-TLATEL-122708-10145-FIJA","11"
"C2CENTRO","7980","113768","C2C-BUENAV-113768-7980-FIJA","10"
"C2CENTRO","8034","121054","C2C-ROMA-121054-8034-FIJA","10"
"C2CENTRO","10123","122668","C2C-CENTRO-122668-10123-FIJA","10"
"C2CENTRO","6650","6650","C2C-ASTURI-6650-6650-PTZ","10"
"C2CENTRO","10123","122669","C2C-CENTRO-122669-10123-FIJA","10"
"C2CENTRO","6650","122262","C2C-ASTURI-122262-6650-FIJA","10"
"C2CENTRO","10025","10025","C2C-ROMA-10025-10025-PTZ-20M","10"
"C2CENTRO","9111","122471","C2C-ASTURI-122471-9111-FIJA","9"
"C2CENTRO","9422","122586","C2C-TLATEL-122586-9422-FIJA","9"
"C2CENTRO","2293","122009","C2C-ASTURI-122009-2293-FIJA","9"
"C2CENTRO","6650","122260","C2C-ASTURI-122260-6650-FIJA","9"
"C2CENTRO","10055","122639","C2C-CENTRO-122639-10055-FIJA","9"
"C2CENTRO","10105","126471","C2C-BUENAV-126471-10105-FIJA","9"
"C2CENTRO","10105","126473","C2C-BUENAV-126473-10105-FIJA","9"
"C2CENTRO","10105","126474","C2C-BUENAV-126474-10105-FIJA","9"
"C2CENTRO","10105","10105","C2C-BUENAV-10105-10105-PTZ","9"
"C2CENTRO","2440","180058","C2C-CENTRO-180058-2440-FIJA","9"
"C2CENTRO","7978","115451","C2C-ALAMED-115451-7978-FIJA","8"
"C2CENTRO","132","100355","C2C-TLATEL-100355-132-FIJA","8"
"C2CENTRO","8057","122412","C2C-TLATEL-122412-8057-FIJA","8"
"C2CENTRO","7980","113765","C2C-BUENAV-113765-7980-FIJA","8"
"C2CENTRO","9291","118085","C2C-ASTURI-118085-9291-FIJA","8"
"C2CENTRO","2543","121129","C2C-CENTRO-121129-2543-FIJA","8"
"C2CENTRO","10105","126472","C2C-BUENAV-126472-10105-FIJA","8"
"C2CENTRO","8058","122418","C2C-TLATEL-122418-8058-FIJA","8"
"C2CENTRO","2450","104560","C2C-ASTURI-104560-2450-FIJA","8"
"C2CENTRO","2450","104558","C2C-ASTURI-104558-2450-FIJA","8"
"C2CENTRO","2450","104559","C2C-ASTURI-104559-2450-FIJA","8"
"C2CENTRO","8058","8058","C2C-TLATEL-8058-8058-PTZ","8"
"C2CENTRO","10122","122663","C2C-CENTRO-122663-10122-FIJA","8"
"C2CENTRO","9291","118088","C2C-ASTURI-118088-9291-FIJA","8"
"C2CENTRO","2450","2450","C2C-ASTURI-2450-2450-PTZ","8"
"C2CENTRO","2450","104557","C2C-ASTURI-104557-2450-FIJA","8"
"C2CENTRO","9291","118087","C2C-ASTURI-118087-9291-FIJA","8"
"C2CENTRO","9291","9291","C2C-ASTURI-9291-9291-PTZ","8"
"C2CENTRO","10033","10033","C2C-ASTURI-10033-10033-PTZ-20M","7"
"C2CENTRO","10123","122670","C2C-CENTRO-122670-10123-FIJA","7"
"C2CENTRO","9289","122522","C2C-ASTURI-122522-9289-FIJA","7"
"C2CENTRO","9509","122633","C2C-BUENAV-122633-9509-FIJA","7"
"C2CENTRO","7971","122399","C2C-TLATEL-122399-7971-FIJA","7"
"C2CENTRO","9157","122486","C2C-CENTRO-122486-9157-FIJA","7"
"C2CENTRO","10167","122717","C2C-ASTURI-122717-10167-FIJA","7"
"C2CENTRO","10136","122695","C2C-ALAMED-122695-10136-FIJA","7"
"C2CENTRO","2506","115633","C2C-ALAMED-115633-2506-FIJA","7"
"C2CENTRO","7744","7744","C2C-TLATEL-7744-7744-PTZ","7"
"C2CENTRO","8058","122415","C2C-TLATEL-122415-8058-FIJA","7"
"C2CENTRO","2293","122010","C2C-ASTURI-122010-2293-FIJA","7"
"C2CENTRO","2255","2255","C2C-MORELO-2255-2255-PTZ","7"
"C2CENTRO","7738","7738","C2C-TLATEL-7738-7738-PTZ","7"
"C2CENTRO","9111","122474","C2C-ASTURI-122474-9111-FIJA","7"
"C2CENTRO","9157","122483","C2C-CENTRO-122483-9157-FIJA","7"
"C2CENTRO","2543","121132","C2C-CENTRO-121132-2543-FIJA","7"
"C2CENTRO","8060","122419","C2C-TLATEL-122419-8060-FIJA","7"
"C2CENTRO","2447","2447","C2C-CENTRO-2447-2447-PTZ","7"
"C2CENTRO","6650","122259","C2C-ASTURI-122259-6650-FIJA","7"
"C2CENTRO","9289","122521","C2C-ASTURI-122521-9289-FIJA","6"
"C2CENTRO","10167","122718","C2C-ASTURI-122718-10167-FIJA","6"
"C2CENTRO","9509","122631","C2C-BUENAV-122631-9509-FIJA","6"
"C2CENTRO","10172","130233","C2C-ASTURI-130233-10172-FIJA","6"
"C2CENTRO","10172","130236","C2C-ASTURI-130236-10172-FIJA","6"
"C2CENTRO","9422","9422","C2C-TLATEL-9422-9422-PTZ","6"
"C2CENTRO","2234","121997","C2C-BUENAV-121997-2234-FIJA","6"
"C2CENTRO","2255","121999","C2C-MORELO-121999-2255-FIJA","6"
"C2CENTRO","2579","104669","C2C-ROMA-104669-2579-FIJA","6"
"C2CENTRO","2579","104672","C2C-ROMA-104672-2579-FIJA","6"
"C2CENTRO","6726","6726","C2C-MORELO-6726-6726-PTZ","6"
"C2CENTRO","10484","122723","C2C-CENTRO-122723-10484-FIJA","6"
"C2CENTRO","8057","122414","C2C-TLATEL-122414-8057-FIJA","6"
"C2CENTRO","2506","115635","C2C-ALAMED-115635-2506-FIJA","6"
"C2CENTRO","7741","7741","C2C-TLATEL-7741-7741-PTZ-20M","6"
"C2CENTRO","10608","10608","C2C-TLATEL-10608-10608-PTZ","6"
"C2CENTRO","502","101333","C2C-ASTURI-101333-502-FIJA","6"
"C2CENTRO","2609","116386","C2C-ROMA-116386-2609-FIJA","6"
"C2CENTRO","2403","2403","C2C-BUENAV-2403-2403-PTZ","6"
"C2CENTRO","6726","122264","C2C-MORELO-122264-6726-FIJA","6"
"C2CENTRO","10172","130234","C2C-ASTURI-130234-10172-FIJA","6"
"C2CENTRO","2307","122012","C2C-ASTURI-122012-2307-FIJA","6"
"C2CENTRO","2436","2436","C2C-CENTRO-2436-2436-PTZ","6"
"C2CENTRO","502","101336","C2C-ASTURI-101336-502-FIJA","5"
"C2CENTRO","7738","122327","C2C-TLATEL-122327-7738-FIJA","5"
"C2CENTRO","10135","10135","C2C-ALAMED-10135-10135-PTZ","5"
"C2CENTRO","7738","122328","C2C-TLATEL-122328-7738-FIJA","5"
"C2CENTRO","10136","122697","C2C-ALAMED-122697-10136-FIJA","5"
"C2CENTRO","8057","122413","C2C-TLATEL-122413-8057-FIJA","5"
"C2CENTRO","8034","121053","C2C-ROMA-121053-8034-FIJA","5"
"C2CENTRO","8060","122422","C2C-TLATEL-122422-8060-FIJA","5"
"C2CENTRO","9111","9111","C2C-ASTURI-9111-9111-PTZ","5"
"C2CENTRO","5221","109847","C2C-ANGEL-109847-5221-FIJA","5"
"C2CENTRO","1667","103739","C2C-CENTRO-103739-1667-FIJA","5"
"C2CENTRO","9111","122472","C2C-ASTURI-122472-9111-FIJA","5"
"C2CENTRO","7744","122333","C2C-TLATEL-122333-7744-FIJA","5"
"C2CENTRO","8060","122420","C2C-TLATEL-122420-8060-FIJA","5"
"C2CENTRO","2474","180077","C2C-CENTRO-180077-2474-FIJA","5"
"C2CENTRO","5221","5221","C2C-ANGEL-5221-5221-PTZ","5"
"C2CENTRO","10119","122656","C2C-ASTURI-122656-10119-FIJA","5"
"C2CENTRO","9156","9156","C2C-ALAMED-9156-9156-PTZ","5"
"C2CENTRO","10135","122692","C2C-ALAMED-122692-10135-FIJA","5"
"C2CENTRO","10116","122650","C2C-CENTRO-122650-10116-FIJA","5"
"C2CENTRO","2234","121995","C2C-BUENAV-121995-2234-FIJA","5"
"C2CENTRO","10172","130235","C2C-ASTURI-130235-10172-FIJA","5"
"C2CENTRO","10122","10122","C2C-CENTRO-10122-10122-PTZ","5"
"C2CENTRO","8060","122421","C2C-TLATEL-122421-8060-FIJA","5"
"C2CENTRO","10122","122666","C2C-CENTRO-122666-10122-FIJA","5"
"C2CENTRO","8058","122417","C2C-TLATEL-122417-8058-FIJA","5"
"C2CENTRO","872","102279","C2C-ROMA-102279-872-FIJA","5"
"C2CENTRO","10484","10484","C2C-CENTRO-10484-10484-PTZ","5"
"C2CENTRO","490","180005","C2C-CENTRO-180005-490-FIJA","5"
"C2CENTRO","10146","122713","C2C-CENTRO-122713-10146-FIJA","5"
"C2CENTRO","9287","9287","C2C-ASTURI-9287-9287-PTZ","5"
"C2CENTRO","9509","9509","C2C-BUENAV-9509-9509-PTZ","5"
"C2CENTRO","10484","122725","C2C-CENTRO-122725-10484-FIJA","5"
"C2CENTRO","5221","109848","C2C-ANGEL-109848-5221-FIJA","5"
"C2CENTRO","9157","9157","C2C-CENTRO-9157-9157-PTZ","5"
"C2CENTRO","2478","180091","C2C-CENTRO-180091-2478-FIJA","4"
"C2CENTRO","2200","117487","C2C-ROMA-117487-2200-FIJA","4"
"C2CENTRO","10116","122647","C2C-CENTRO-122647-10116-FIJA","4"
"C2CENTRO","1667","1667","C2C-CENTRO-1667-1667-PTZ","4"
"C2CENTRO","10128","122679","C2C-ALAMED-122679-10128-FIJA","4"
"C2CENTRO","10116","122648","C2C-CENTRO-122648-10116-FIJA","4"
"C2CENTRO","132","100356","C2C-TLATEL-100356-132-FIJA","4"
"C2CENTRO","10538","127912","C2C-MORELO-10538-127912-FIJA","4"
"C2CENTRO","10538","127913","C2C-MORELO-10538-127913-FIJA","4"
"C2CENTRO","5221","109846","C2C-ANGEL-109846-5221-FIJA","4"
"C2CENTRO","10620","10620","C2C-TLATEL-10620-10620-PTZ","4"
"C2CENTRO","7978","7978","C2C-ALAMED-7978-7978-PTZ","4"
"C2CENTRO","2506","115634","C2C-ALAMED-115634-2506-FIJA","4"
"C2CENTRO","10146","122712","C2C-CENTRO-122712-10146-FIJA","4"
"C2CENTRO","10146","122714","C2C-CENTRO-122714-10146-FIJA","4"
"C2CENTRO","10118","122651","C2C-ALAMED-122651-10118-FIJA","4"
"C2CENTRO","10145","122710","C2C-TLATEL-122710-10145-FIJA","4"
"C2CENTRO","10034","10034","C2C-ASTURI-10034-10034-PTZ-20M","4"
"C2CENTRO","9289","122520","C2C-ASTURI-122520-9289-FIJA","4"
"C2CENTRO","2609","2609","C2C-ROMA-2609-2609-PTZ","4"
"C2CENTRO","10538","10538","C2C-MORELO-10538-10538-PTZ","4"
"C2CENTRO","10538","127915","C2C-MORELO-10538-127915-FIJA","4"
"C2CENTRO","2622","132816","C2C-ROMA-132816-2622-FIJA","4"
"C2CENTRO","1667","103738","C2C-CENTRO-103738-1667-FIJA","4"
"C2CENTRO","10149","130231","C2C-ANGEL-130231-10149-FIJA","4"
"C2CENTRO","10135","122691","C2C-ALAMED-122691-10135-FIJA","4"
"C2CENTRO","6650","122261","C2C-ASTURI-122261-6650-FIJA","4"
"C2CENTRO","6726","122265","C2C-MORELO-122265-6726-FIJA","4"
"C2CENTRO","490","180006","C2C-CENTRO-180006-490-FIJA","4"
"C2CENTRO","2579","2579","C2C-ROMA-2579-2579-PTZ","4"
"C2CENTRO","6701","6701","C2C-TLATEL-6701-6701-PTZ","4"
"C2CENTRO","5403","110121","C2C-ANGEL-110121-5403-FIJA","4"
"C2CENTRO","10142","122703","C2C-CENTRO-122703-10142-FIJA","4"
"C2CENTRO","2423","2423","C2C-CENTRO-2423-2423-PTZ","4"
"C2CENTRO","10167","122715","C2C-ASTURI-122715-10167-FIJA","4"
"C2CENTRO","5221","109845","C2C-ANGEL-109845-5221-FIJA","4"
"C2CENTRO","10538","127914","C2C-MORELO-10538-127914-FIJA","4"
"C2CENTRO","5349","5349","C2C-ANGEL-5349-5349-PTZ","4"
"C2CENTRO","2374","180035","C2C-BUENAV-180035-2374-FIJA","4"
"C2CENTRO","10119","122658","C2C-ASTURI-122658-10119-FIJA","4"
"C2CENTRO","10142","122706","C2C-CENTRO-122706-10142-FIJA","4"
"C2CENTRO","8060","8060","C2C-TLATEL-8060-8060-PTZ","4"
"C2CENTRO","10167","122716","C2C-ASTURI-122716-10167-FIJA","4"
"C2CENTRO","7971","122400","C2C-TLATEL-122400-7971-FIJA","4"
"C2CENTRO","872","872","C2C-ROMA-872-872-PTZ","4"
"C2CENTRO","10119","122655","C2C-ASTURI-122655-10119-FIJA","4"
"C2CENTRO","7738","122330","C2C-TLATEL-122330-7738-FIJA","4"
"C2CENTRO","6707","111947","C2C-BUENAV-111947-6707-FIJA","4"
"C2CENTRO","7738","122329","C2C-TLATEL-122329-7738-FIJA","4"
"C2CENTRO","10136","122696","C2C-ALAMED-122696-10136-FIJA","4"
"C2CENTRO","2234","2234","C2C-BUENAV-2234-2234-PTZ","4"
"C2CENTRO","10123","122667","C2C-CENTRO-122667-10123-FIJA","4"
"C2CENTRO","10118","122652","C2C-ALAMED-122652-10118-FIJA","4"
"C2CENTRO","1667","103740","C2C-CENTRO-103740-1667-FIJA","4"
"C2CENTRO","9107","118131","C2C-ASTURI-118131-9107-FIJA","4"
"C2CENTRO","754","754","C2C-ROMA-754-754-PTZ","4"
"C2CENTRO","2431","104537","C2C-ROMA-104537-2431-FIJA","3"
"C2CENTRO","2379","2379","C2C-BUENAV-2379-2379-PTZ","3"
"C2CENTRO","2622","132813","C2C-ROMA-132813-2622-FIJA","3"
"C2CENTRO","8037","118049","C2C-ROMA-118049-8037-FIJA","3"
"C2CENTRO","2293","122007","C2C-ASTURI-122007-2293-FIJA","3"
"C2CENTRO","2448","180067","C2C-CENTRO-180067-2448-FIJA","3"
"C2CENTRO","2234","121998","C2C-BUENAV-121998-2234-FIJA","3"
"C2CENTRO","9408","9408","C2C-TLATEL-9408-9408-PTZ","3"
"C2CENTRO","2352","2352","C2C-BUENAV-2352-2352-PTZ","3"
"C2CENTRO","10128","122682","C2C-ALAMED-122682-10128-FIJA","3"
"C2CENTRO","10103","122646","C2C-CENTRO-122646-10103-FIJA","3"
"C2CENTRO","2641","116863","C2C-ROMA-116863-2641-FIJA","3"
"C2CENTRO","5389","110118","C2C-ANGEL-110118-5389-FIJA","3"
"C2CENTRO","2350","116514","C2C-BUENAV-116514-2350-FIJA","3"
"C2CENTRO","7827","113404","C2C-ANGEL-113404-7827-FIJA","3"
"C2CENTRO","2433","180054","C2C-CENTRO-180054-2433-FIJA","3"
"C2CENTRO","10146","122711","C2C-CENTRO-122711-10146-FIJA","3"
"C2CENTRO","6730","121299","C2C-BUENAV-121299-6730-FIJA","3"
"C2CENTRO","6729","102314","C2C-BUENAV-102314-6729-FIJA","3"
"C2CENTRO","2622","132815","C2C-ROMA-132815-2622-FIJA","3"
"C2CENTRO","8034","121056","C2C-ROMA-121056-8034-FIJA","3"
"C2CENTRO","2352","104483","C2C-BUENAV-104483-2352-FIJA","3"
"C2CENTRO","10128","122680","C2C-ALAMED-122680-10128-FIJA","3"
"C2CENTRO","10306","10306","C2C-ANGEL-10306-10306-PTZ","3"
"C2CENTRO","132","132","C2C-TLATEL-132-132-PTZ","3"
"C2CENTRO","7978","115449","C2C-ALAMED-115449-7978-FIJA","3"
"C2CENTRO","1345","180011","C2C-CENTRO-180011-1345-FIJA","3"
"C2CENTRO","10120","10120","C2C-CENTRO-10120-10120-PTZ","3"
"C2CENTRO","2354","2354","C2C-BUENAV-2354-2354-PTZ","3"
"C2CENTRO","2618","116885","C2C-ROMA-116885-2618-FIJA","3"
"C2CENTRO","2622","132814","C2C-ROMA-132814-2622-FIJA","3"
"C2CENTRO","2352","104482","C2C-BUENAV-104482-2352-FIJA","3"
"C2CENTRO","490","180008","C2C-CENTRO-180008-490-FIJA","3"
"C2CENTRO","10147","10147","C2C-CENTRO-10147-10147-PTZ","3"
"C2CENTRO","10119","122657","C2C-ASTURI-122657-10119-FIJA","3"
"C2CENTRO","1345","1345","C2C-CENTRO-1345-1345-PTZ","3"
"C2CENTRO","2668","2668","C2C-ROMA-2668-2668-PTZ","3"
"C2CENTRO","7744","122331","C2C-TLATEL-122331-7744-FIJA","3"
"C2CENTRO","467","130272","C2C-TLATEL-130272-467-FIJA","3"
"C2CENTRO","2354","115995","C2C-BUENAV-115995-2354-FIJA","3"
"C2CENTRO","2478","180090","C2C-CENTRO-180090-2478-FIJA","3"
"C2CENTRO","10116","10116","C2C-CENTRO-10116-10116-PTZ","3"
"C2CENTRO","7998","114973","C2C-TLATEL-114973-7998-4K","3"
"C2CENTRO","2579","104671","C2C-ROMA-104671-2579-FIJA","3"
"C2CENTRO","9157","122485","C2C-CENTRO-122485-9157-FIJA","3"
"C2CENTRO","9422","122583","C2C-TLATEL-122583-9422-FIJA","3"
"C2CENTRO","10142","10142","C2C-CENTRO-10142-10142-PTZ","3"
"C2CENTRO","2433","180055","C2C-CENTRO-180055-2433-FIJA","3"
"C2CENTRO","2579","104670","C2C-ROMA-104670-2579-FIJA","3"
"C2CENTRO","2582","2582","C2C-ROMA-2582-2582-PTZ","3"
"C2CENTRO","2352","104481","C2C-BUENAV-104481-2352-FIJA","3"
"C2CENTRO","10160","10160","C2C-ANGEL-10160-10160-PTZ","3"
"C2CENTRO","7971","122401","C2C-TLATEL-122401-7971-FIJA","3"
"C2CENTRO","2234","121996","C2C-BUENAV-121996-2234-FIJA","3"
"C2CENTRO","1345","180012","C2C-CENTRO-180012-1345-FIJA","3"
"C2CENTRO","2403","116434","C2C-BUENAV-116434-2403-FIJA","3"
"C2CENTRO","2307","2307","C2C-ASTURI-2307-2307-PTZ","3"
"C2CENTRO","131","100351","C2C-TLATEL-100351-131-FIJA","3"
"C2CENTRO","2610","104703","C2C-ROMA-104703-2610-FIJA","3"
"C2CENTRO","10142","122705","C2C-CENTRO-122705-10142-FIJA","3"
"C2CENTRO","10103","122643","C2C-CENTRO-122643-10103-FIJA","3"
"C2CENTRO","774","102038","C2C-ROMA-102038-774-FIJA","3"
"C2CENTRO","10103","122645","C2C-CENTRO-122645-10103-FIJA","3"
"C2CENTRO","2435","104541","C2C-ROMA-104541-2435-FIJA","3"
"C2CENTRO","2448","180068","C2C-CENTRO-180068-2448-FIJA","3"
"C2CENTRO","2264","104387","C2C-ASTURI-104387-2264-FIJA","3"
"C2CENTRO","10145","122707","C2C-TLATEL-122707-10145-FIJA","3"
"C2CENTRO","7971","7971","C2C-TLATEL-7971-7971-PTZ","3"
"C2CENTRO","2474","180080","C2C-CENTRO-180080-2474-FIJA","3"
"C2CENTRO","2352","104484","C2C-BUENAV-104484-2352-FIJA","3"
"C2CENTRO","2622","2622","C2C-ROMA-2622-2622-PTZ","3"
"C2CENTRO","2209","180021","C2C-ALAMED-180021-2209-FIJA","3"
"C2CENTRO","5349","116422","C2C-ANGEL-116422-5349-FIJA","3"
"C2CENTRO","5349","116424","C2C-ANGEL-116424-5349-FIJA","3"
"C2CENTRO","10118","122654","C2C-ALAMED-122654-10118-FIJA","3"
"C2CENTRO","9157","122484","C2C-CENTRO-122484-9157-FIJA","3"
"C2CENTRO","2293","122008","C2C-ASTURI-122008-2293-FIJA","3"
"C2CENTRO","2352","114929","C2C-BUENAV-114929-2352-4K","3"
"C2CENTRO","7762","7762","C2C-ROMA-7762-7762-PTZ-20M","3"
"C2CENTRO","10122","122665","C2C-CENTRO-122665-10122-FIJA","3"
"C2CENTRO","2506","115636","C2C-ALAMED-115636-2506-FIJA","3"
"C2CENTRO","2413","180045","C2C-CENTRO-180045-2413-FIJA","3"
"C2CENTRO","9217","114152","C2C-ROMA-114152-9217-FIJA","2"
"C2CENTRO","6060","6060","C2C-TLATEL-6060-6060-PTZ-20M","2"
"C2CENTRO","8054","8054","C2C-ASTURI-8054-8054-PTZ-20M","2"
"C2CENTRO","6655","130073","C2C-ASTURI-130073-6655-FIJA","2"
"C2CENTRO","6726","122266","C2C-MORELO-122266-6726-FIJA","2"
"C2CENTRO","5371","117440","C2C-ANGEL-117440-5371-FIJA","2"
"C2CENTRO","2263","104384","C2C-ASTURI-104384-2263-FIJA","2"
"C2CENTRO","8057","122411","C2C-TLATEL-122411-8057-FIJA","2"
"C2CENTRO","66","100152","C2C-ALAMED-100152-66-FIJA","2"
"C2CENTRO","2433","2433","C2C-CENTRO-2433-2433-PTZ","2"
"C2CENTRO","8057","8057","C2C-TLATEL-8057-8057-PTZ","2"
"C2CENTRO","5371","117439","C2C-ANGEL-117439-5371-FIJA","2"
"C2CENTRO","6660","111931","C2C-TLATEL-111931-6660-FIJA","2"
"C2CENTRO","5403","110122","C2C-ANGEL-110122-5403-FIJA","2"
"C2CENTRO","2354","115996","C2C-BUENAV-115996-2354-FIJA","2"
"C2CENTRO","10103","10103","C2C-CENTRO-10103-10103-PTZ","2"
"C2CENTRO","2307","122014","C2C-ASTURI-122014-2307-FIJA","2"
"C2CENTRO","10171","10171","C2C-ASTURI-10171-10171-PTZ","2"
"C2CENTRO","6729","102316","C2C-BUENAV-102316-6729-FIJA","2"
"C2CENTRO","8063","130191","C2C-BUENAV-130191-8063-FIJA","2"
"C2CENTRO","10467","10467","C2C-CENTRO-10467-10467-PTZ","2"
"C2CENTRO","9111","122473","C2C-ASTURI-122473-9111-FIJA","2"
"C2CENTRO","10149","130232","C2C-ANGEL-130232-10149-FIJA","2"
"C2CENTRO","7943","113689","C2C-ROMA-113689-7943-FIJA","2"
"C2CENTRO","9289","122519","C2C-ASTURI-122519-9289-FIJA","2"
"C2CENTRO","7744","122334","C2C-TLATEL-122334-7744-FIJA","2"
"C2CENTRO","492","117720","C2C-ALAMED-117720-492-FIJA","2"
"C2CENTRO","2618","116887","C2C-ROMA-116887-2618-FIJA","2"
"C2CENTRO","10599","10599","C2C-BUENAV-10599-10599-PTZ","2"
"C2CENTRO","467","467","C2C-TLATEL-467-467-PTZ","2"
"C2CENTRO","2594","104683","C2C-ROMA-104683-2594-FIJA","2"
"C2CENTRO","5433","5433","C2C-TLATEL-5433-5433-PTZ","2"
"C2CENTRO","2440","2440","C2C-CENTRO-2440-2440-PTZ","2"
"C2CENTRO","2391","122024","C2C-BUENAV-122024-2391-FIJA","2"
"C2CENTRO","6732","6732","C2C-TLATEL-6732-6732-PTZ","2"
"C2CENTRO","2337","104453","C2C-BUENAV-104453-2337-FIJA","2"
"C2CENTRO","2391","122026","C2C-BUENAV-122026-2391-FIJA","2"
"C2CENTRO","6718","130117","C2C-BUENAV-130117-6718-FIJA","2"
"C2CENTRO","2391","2391","C2C-BUENAV-2391-2391-PTZ","2"
"C2CENTRO","6653","117672","C2C-ANGEL-117672-6653-FIJA","2"
"C2CENTRO","7943","113691","C2C-ROMA-113691-7943-FIJA","2"
"C2CENTRO","10120","122662","C2C-CENTRO-122662-10120-FIJA","2"
"C2CENTRO","2279","2279","C2C-ASTURI-2279-2279-PTZ","2"
"C2CENTRO","478","478","C2C-BUENAV-478-478-PTZ","2"
"C2CENTRO","6732","130131","C2C-TLATEL-130131-6732-FIJA","2"
"C2CENTRO","2347","104474","C2C-BUENAV-104474-2347-FIJA","2"
"C2CENTRO","2374","2374","C2C-BUENAV-2374-2374-PTZ","2"
"C2CENTRO","2391","122023","C2C-BUENAV-122023-2391-FIJA","2"
"C2CENTRO","9289","9289","C2C-ASTURI-9289-9289-PTZ","2"
"C2CENTRO","10484","122724","C2C-CENTRO-122724-10484-FIJA","2"
"C2CENTRO","6718","6718","C2C-BUENAV-6718-6718-PTZ","2"
"C2CENTRO","10487","133446","C2C-ASTURI-133446-10487-FIJA","2"
"C2CENTRO","10065","130228","C2C-TLATEL-130228-10065-FIJA","2"
"C2CENTRO","6685","6685","C2C-BUENAV-6685-6685-PTZ","2"
"C2CENTRO","2205","117433","C2C-ROMA-117433-2205-FIJA","2"
"C2CENTRO","2433","180056","C2C-CENTRO-180056-2433-FIJA","2"
"C2CENTRO","490","490","C2C-CENTRO-490-490-PTZ","2"
"C2CENTRO","2643","117495","C2C-ROMA-117495-2643-FIJA","2"
"C2CENTRO","10116","122649","C2C-CENTRO-122649-10116-FIJA","2"
"C2CENTRO","6732","130129","C2C-TLATEL-130129-6732-FIJA","2"
"C2CENTRO","2263","104383","C2C-ASTURI-104383-2263-FIJA","2"
"C2CENTRO","6694","111941","C2C-BUENAV-111941-6694-FIJA","2"
"C2CENTRO","6709","6709","C2C-BUENAV-6709-6709-PTZ","2"
"C2CENTRO","2578","119486","C2C-ASTURI-119486-2578-FIJA","2"
"C2CENTRO","467","130270","C2C-TLATEL-130270-467-FIJA","2"
"C2CENTRO","9220","114158","C2C-ALAMED-114158-9220-FIJA","2"
"C2CENTRO","9107","118130","C2C-ASTURI-118130-9107-FIJA","2"
"C2CENTRO","6676","130095","C2C-BUENAV-130095-6676-FIJA","2"
"C2CENTRO","10119","10119","C2C-ASTURI-10119-10119-PTZ","2"
"C2CENTRO","478","101312","C2C-BUENAV-101312-478-FIJA","2"
"C2CENTRO","2618","2618","C2C-ROMA-2618-2618-PTZ","2"
"C2CENTRO","9422","122584","C2C-TLATEL-122584-9422-FIJA","2"
"C2CENTRO","2413","2413","C2C-CENTRO-2413-2413-PTZ","2"
"C2CENTRO","2319","104433","C2C-ROMA-104433-2319-FIJA","2"
"C2CENTRO","2618","116886","C2C-ROMA-116886-2618-FIJA","2"
"C2CENTRO","6729","102313","C2C-BUENAV-102313-6729-FIJA","2"
"C2CENTRO","10065","130225","C2C-TLATEL-130225-10065-FIJA","2"
"C2CENTRO","6732","130130","C2C-TLATEL-130130-6732-FIJA","2"
"C2CENTRO","10120","122660","C2C-CENTRO-122660-10120-FIJA","2"
"C2CENTRO","2208","104284","C2C-CENTRO-104284-2208-FIJA","2"
"C2CENTRO","5403","110124","C2C-ANGEL-110124-5403-FIJA","2"
"C2CENTRO","9509","122632","C2C-BUENAV-122632-9509-FIJA","2"
"C2CENTRO","7943","7943","C2C-ROMA-7943-7943-PTZ","2"
"C2CENTRO","10520","10520","C2C-BUENAV-10520-10520-PTZ","2"
"C2CENTRO","2609","116388","C2C-ROMA-116388-2609-FIJA","2"
"C2CENTRO","132","100353","C2C-TLATEL-100353-132-FIJA","2"
"C2CENTRO","481","101314","C2C-BUENAV-101314-481-FIJA","2"
"C2CENTRO","10103","122644","C2C-CENTRO-122644-10103-FIJA","2"
"C2CENTRO","10065","10065","C2C-TLATEL-10065-10065-PTZ","2"
"C2CENTRO","7746","130160","C2C-TLATEL-130160-7746-FIJA","2"
"C2CENTRO","2350","116515","C2C-BUENAV-116515-2350-FIJA","2"
"C2CENTRO","467","130271","C2C-TLATEL-130271-467-FIJA","2"
"C2CENTRO","10065","130227","C2C-TLATEL-130227-10065-FIJA","2"
"C2CENTRO","481","481","C2C-BUENAV-481-481-PTZ","2"
"C2CENTRO","10065","130226","C2C-TLATEL-130226-10065-FIJA","2"
"C2CENTRO","2250","104363","C2C-ASTURI-104363-2250-FIJA","2"
"C2CENTRO","10135","122693","C2C-ALAMED-122693-10135-FIJA","2"
"C2CENTRO","2478","2478","C2C-CENTRO-2478-2478-PTZ","2"
"C2CENTRO","872","114811","C2C-ROMA-114811-872-4K","2"
"C2CENTRO","10012","10012","C2C-ASTURI-10012-10012-PTZ-20M","2"
"C2CENTRO","2447","117223","C2C-CENTRO-117223-2447-FIJA","2"
"C2CENTRO","2307","122013","C2C-ASTURI-122013-2307-FIJA","2"
"C2CENTRO","2403","116433","C2C-BUENAV-116433-2403-FIJA","2"
"C2CENTRO","2478","180089","C2C-CENTRO-180089-2478-FIJA","2"
"C2CENTRO","6732","130132","C2C-TLATEL-130132-6732-FIJA","2"
"C2CENTRO","10128","122681","C2C-ALAMED-122681-10128-FIJA","2"
"C2CENTRO","2618","116888","C2C-ROMA-116888-2618-FIJA","2"
"C2CENTRO","10128","10128","C2C-ALAMED-10128-10128-PTZ","2"
"C2CENTRO","2413","180046","C2C-CENTRO-180046-2413-FIJA","2"
"C2CENTRO","2601","117421","C2C-ASTURI-117421-2601-FIJA","2"
"C2CENTRO","10120","122661","C2C-CENTRO-122661-10120-FIJA","2"
"C2CENTRO","2255","122002","C2C-MORELO-122002-2255-FIJA","2"
"C2CENTRO","2555","2555","C2C-MORELO-2555-2555-PTZ","2"
"C2CENTRO","7978","115450","C2C-ALAMED-115450-7978-FIJA","2"
"C2CENTRO","2327","2327","C2C-ASTURI-2327-2327-PTZ-20M","2"
"C2CENTRO","7943","113690","C2C-ROMA-113690-7943-FIJA","2"
"C2CENTRO","8081","118668","C2C-ASTURI-118668-8081-FIJA","2"
"C2CENTRO","2628","104707","C2C-ANGEL-104707-2628-FIJA","2"
"C2CENTRO","2548","104623","C2C-MORELO-104623-2548-FIJA","2"
"C2CENTRO","2667","2667","C2C-ROMA-2667-2667-PTZ","2"
"C2CENTRO","2307","122011","C2C-ASTURI-122011-2307-FIJA","2"
"C2CENTRO","2391","122025","C2C-BUENAV-122025-2391-FIJA","2"
"C2CENTRO","482","482","C2C-BUENAV-482-482-PTZ","2"
"C2CENTRO","8052","116647","C2C-BUENAV-116647-8052-FIJA","2"
"C2CENTRO","2276","2276","C2C-ASTURI-2276-2276-PTZ","2"
"C2CENTRO","2433","180053","C2C-CENTRO-180053-2433-FIJA","2"
"C2CENTRO","7850","7850","C2C-ANGEL-7850-7850-PTZ","2"
"C2CENTRO","10122","122664","C2C-CENTRO-122664-10122-FIJA","2"
"C2CENTRO","6715","6715","C2C-ROMA-6715-6715-PTZ","2"
"C2CENTRO","2601","117424","C2C-ASTURI-117424-2601-FIJA","2"
"C2CENTRO","10145","122709","C2C-TLATEL-122709-10145-FIJA","2"
"C2CENTRO","10123","10123","C2C-CENTRO-10123-10123-PTZ","2"
"C2CENTRO","6729","102315","C2C-BUENAV-102315-6729-FIJA","2"
"C2CENTRO","2350","116513","C2C-BUENAV-116513-2350-FIJA","2"
"C2CENTRO","2458","104573","C2C-ROMA-104573-2458-FIJA","2"
"C2CENTRO","5403","114958","C2C-ANGEL-114958-5403-4K","2"
"C2CENTRO","10135","122694","C2C-ALAMED-122694-10135-FIJA","2"
"C2CENTRO","10502","10502","C2C-ASTURI-10502-10502-PTZ","2"
"C2CENTRO","9220","114160","C2C-ALAMED-114160-9220-FIJA","2"
"C2CENTRO","6730","121301","C2C-BUENAV-121301-6730-FIJA","2"
"C2CENTRO","2198","104278","C2C-ALAMED-104278-2198-FIJA","2"
"C2CENTRO","6729","6729","C2C-BUENAV-6729-6729-PTZ","2"
"C2CENTRO","8023","8023","C2C-ROMA-8023-8023-PTZ","2"
"C2CENTRO","10145","10145","C2C-TLATEL-10145-10145-PTZ","2"
"C2CENTRO","9264","121080","C2C-TLATEL-121080-9264-FIJA","1"
"C2CENTRO","2474","180079","C2C-CENTRO-180079-2474-FIJA","1"
"C2CENTRO","7847","113460","C2C-ANGEL-113460-7847-FIJA","1"
"C2CENTRO","471","101289","C2C-TLATEL-101289-471-FIJA","1"
"C2CENTRO","5411","120684","C2C-ANGEL-120684-5411-FIJA","1"
"C2CENTRO","10148","10148","C2C-TLATEL-10148-10148-PTZ","1"
"C2CENTRO","471","101290","C2C-TLATEL-101290-471-FIJA","1"
"C2CENTRO","9303","114274","C2C-ASTURI-114274-9303-FIJA","1"
"C2CENTRO","10579","130264","C2C-ANGEL-130264-10579-FIJA","1"
"C2CENTRO","7748","7748","C2C-TLATEL-7748-7748-PTZ","1"
"C2CENTRO","5374","110116","C2C-ANGEL-110116-5374-FIJA","1"
"C2CENTRO","6209","121816","C2C-BUENAV-121816-6209-FIJA","1"
"C2CENTRO","7750","7750","C2C-BUENAV-7750-7750-PTZ","1"
"C2CENTRO","2474","180078","C2C-CENTRO-180078-2474-FIJA","1"
"C2CENTRO","2270","116800","C2C-ASTURI-116800-2270-FIJA","1"
"C2CENTRO","6209","121817","C2C-BUENAV-121817-6209-FIJA","1"
"C2CENTRO","2639","117447","C2C-ROMA-117447-2639-FIJA","1"
"C2CENTRO","10614","118681","C2C-TLATEL-118681-10614-FIJA","1"
"C2CENTRO","5403","110123","C2C-ANGEL-110123-5403-FIJA","1"
"C2CENTRO","2208","104283","C2C-CENTRO-104283-2208-FIJA","1"
"C2CENTRO","10307","115016","C2C-ANGEL-115016-10307-FIJA","1"
"C2CENTRO","2422","116450","C2C-CENTRO-116450-2422-FIJA","1"
"C2CENTRO","5223","109851","C2C-ANGEL-109851-5223-FIJA","1"
"C2CENTRO","2548","104624","C2C-MORELO-104624-2548-FIJA","1"
"C2CENTRO","2476","115989","C2C-CENTRO-115989-2476-FIJA","1"
"C2CENTRO","6540","6540","C2C-ASTURI-6540-6540-PTZ","1"
"C2CENTRO","6637","130061","C2C-ROMA-130061-6637-FIJA","1"
"C2CENTRO","2374","180034","C2C-BUENAV-180034-2374-FIJA","1"
"C2CENTRO","6750","130145","C2C-TLATEL-130145-6750-FIJA","1"
"C2CENTRO","2347","114927","C2C-BUENAV-114927-2347-4K","1"
"C2CENTRO","2512","106229","C2C-ALAMED-106229-2512-FIJA","1"
"C2CENTRO","2474","2474","C2C-CENTRO-2474-2474-PTZ","1"
"C2CENTRO","2666","132885","C2C-ROMA-132885-2666-FIJA","1"
"C2CENTRO","8085","115887","C2C-ASTURI-115887-8085-FIJA","1"
"C2CENTRO","2393","104519","C2C-ROMA-104519-2393-FIJA","1"
"C2CENTRO","2451","117315","C2C-CENTRO-117315-2451-FIJA","1"
"C2CENTRO","2435","104542","C2C-ROMA-104542-2435-FIJA","1"
"C2CENTRO","2546","104615","C2C-MORELO-104615-2546-FIJA","1"
"C2CENTRO","10209","10209","C2C-ANGEL-10209-10209-PTZ","1"
"C2CENTRO","481","101315","C2C-BUENAV-101315-481-FIJA","1"
"C2CENTRO","7978","115452","C2C-ALAMED-115452-7978-FIJA","1"
"C2CENTRO","2517","2517","C2C-BUENAV-2517-2517-PTZ","1"
"C2CENTRO","9218","114156","C2C-BUENAV-114156-9218-FIJA","1"
"C2CENTRO","10569","130258","C2C-TLATEL-130258-10569-FIJA","1"
"C2CENTRO","2515","116096","C2C-ALAMED-116096-2515-FIJA","1"
"C2CENTRO","1363","103184","C2C-ALAMED-103184-1363-FIJA","1"
"C2CENTRO","2337","104454","C2C-BUENAV-104454-2337-FIJA","1"
"C2CENTRO","5445","5445","C2C-TLATEL-5445-5445-PTZ","1"
"C2CENTRO","6658","130080","C2C-BUENAV-130080-6658-FIJA","1"
"C2CENTRO","10115","120425","C2C-ALAMED-120425-10115-FIJA","1"
"C2CENTRO","6709","130114","C2C-BUENAV-130114-6709-FIJA","1"
"C2CENTRO","10214","119353","C2C-ANGEL-119353-10214-FIJA","1"
"C2CENTRO","10618","118688","C2C-TLATEL-118688-10618-FIJA","1"
"C2CENTRO","872","102278","C2C-ROMA-102278-872-FIJA","1"
"C2CENTRO","2470","117727","C2C-ALAMED-117727-2470-FIJA","1"
"C2CENTRO","10120","122659","C2C-CENTRO-122659-10120-FIJA","1"
"C2CENTRO","507","101347","C2C-ASTURI-101347-507-FIJA","1"
"C2CENTRO","9107","118132","C2C-ASTURI-118132-9107-FIJA","1"
"C2CENTRO","2354","115993","C2C-BUENAV-115993-2354-FIJA","1"
"C2CENTRO","2192","117431","C2C-ROMA-117431-2192-FIJA","1"
"C2CENTRO","10614","118684","C2C-TLATEL-118684-10614-FIJA","1"
"C2CENTRO","2250","104362","C2C-ASTURI-104362-2250-FIJA","1"
"C2CENTRO","2560","104641","C2C-MORELO-104641-2560-FIJA","1"
"C2CENTRO","2349","104478","C2C-BUENAV-104478-2349-FIJA","1"
"C2CENTRO","6658","130078","C2C-BUENAV-130078-6658-FIJA","1"
"C2CENTRO","5358","116998","C2C-ANGEL-116998-5358-FIJA","1"
"C2CENTRO","2431","2431","C2C-ROMA-2431-2431-PTZ","1"
"C2CENTRO","9116","114013","C2C-CENTRO-114013-9116-FIJA","1"
"C2CENTRO","2403","116436","C2C-BUENAV-116436-2403-FIJA","1"
"C2CENTRO","2390","2390","C2C-BUENAV-2390-2390-PTZ","1"
"C2CENTRO","1354","1354","C2C-ALAMED-1354-1354-PTZ","1"
"C2CENTRO","2271","2271","C2C-ASTURI-2271-2271-PTZ","1"
"C2CENTRO","10115","10115","C2C-ALAMED-10115-10115-PTZ","1"
"C2CENTRO","2200","2200","C2C-ROMA-2200-2200-PTZ","1"
"C2CENTRO","6209","6209","C2C-BUENAV-6209-6209-PTZ","1"
"C2CENTRO","10579","130263","C2C-ANGEL-130263-10579-FIJA","1"
"C2CENTRO","2382","104513","C2C-TLATEL-104513-2382-FIJA","1"
"C2CENTRO","792","102079","C2C-ROMA-102079-792-FIJA","1"
"C2CENTRO","2527","116160","C2C-CENTRO-116160-2527-FIJA","1"
"C2CENTRO","2508","117556","C2C-ALAMED-117556-2508-FIJA","1"
"C2CENTRO","2676","2676","C2C-ANGEL-2676-2676-PTZ-20M","1"
"C2CENTRO","10013","10013","C2C-ASTURI-10013-10013-PTZ-20M","1"
"C2CENTRO","2656","116264","C2C-ROMA-116264-2656-FIJA","1"
"C2CENTRO","1345","180010","C2C-CENTRO-180010-1345-FIJA","1"
"C2CENTRO","2640","116247","C2C-ROMA-116247-2640-FIJA","1"
"C2CENTRO","16946","16946","C2C-ROMA-16946-16946-PTZ","1"
"C2CENTRO","8023","130182","C2C-ROMA-130182-8023-FIJA","1"
"C2CENTRO","1322","115845","C2C-TLATEL-115845-1322-FIJA","1"
"C2CENTRO","2292","2292","C2C-ASTURI-2292-2292-PTZ","1"
"C2CENTRO","2435","104544","C2C-ROMA-104544-2435-FIJA","1"
"C2CENTRO","131","100350","C2C-TLATEL-100350-131-FIJA","1"
"C2CENTRO","2406","180041","C2C-CENTRO-180041-2406-FIJA","1"
"C2CENTRO","2638","107168","C2C-ROMA-107168-2638-FIJA","1"
"C2CENTRO","8032","118048","C2C-ROMA-118048-8032-FIJA","1"
"C2CENTRO","10596","10596","C2C-BUENAV-10596-10596-PTZ","1"
"C2CENTRO","2406","180044","C2C-CENTRO-180044-2406-FIJA","1"
"C2CENTRO","872","102277","C2C-ROMA-102277-872-FIJA","1"
"C2CENTRO","2374","180033","C2C-BUENAV-180033-2374-FIJA","1"
"C2CENTRO","10601","10601","C2C-ASTURI-10601-10601-PTZ","1"
"C2CENTRO","1363","103182","C2C-ALAMED-103182-1363-FIJA","1"
"C2CENTRO","2604","132841","C2C-ROMA-132841-2604-FIJA","1"
"C2CENTRO","2610","104702","C2C-ROMA-104702-2610-FIJA","1"
"C2CENTRO","2555","104640","C2C-MORELO-104640-2555-FIJA","1"
"C2CENTRO","2413","180047","C2C-CENTRO-180047-2413-FIJA","1"
"C2CENTRO","7941","113687","C2C-ANGEL-113687-7941-FIJA","1"
"C2CENTRO","2639","2639","C2C-ROMA-2639-2639-PTZ","1"
"C2CENTRO","2464","115785","C2C-CENTRO-115785-2464-FIJA","1"
"C2CENTRO","6661","6661","C2C-BUENAV-6661-6661-PTZ","1"
"C2CENTRO","5443","116352","C2C-ROMA-116352-5443-FIJA","1"
"C2CENTRO","9152","114099","C2C-BUENAV-114099-9152-FIJA","1"
"C2CENTRO","2648","120887","C2C-ROMA-120887-2648-FIJA","1"
"C2CENTRO","5403","5403","C2C-ANGEL-5403-5403-PTZ","1"
"C2CENTRO","2682","104745","C2C-ANGEL-104745-2682-FIJA","1"
"C2CENTRO","2204","117622","C2C-CENTRO-117622-2204-FIJA","1"
"C2CENTRO","9107","118129","C2C-ASTURI-118129-9107-FIJA","1"
"C2CENTRO","5398","5398","C2C-ANGEL-5398-5398-PTZ","1"
"C2CENTRO","2476","115991","C2C-CENTRO-115991-2476-FIJA","1"
"C2CENTRO","2382","104514","C2C-TLATEL-104514-2382-FIJA","1"
"C2CENTRO","5445","116464","C2C-TLATEL-116464-5445-FIJA","1"
"C2CENTRO","1357","103168","C2C-ROMA-103168-1357-FIJA","1"
"C2CENTRO","2594","104682","C2C-ROMA-104682-2594-FIJA","1"
"C2CENTRO","10115","120426","C2C-ALAMED-120426-10115-FIJA","1"
"C2CENTRO","1360","1360","C2C-ASTURI-1360-1360-PTZ","1"
"C2CENTRO","2422","2422","C2C-CENTRO-2422-2422-PTZ","1"
"C2CENTRO","2448","180065","C2C-CENTRO-180065-2448-FIJA","1"
"C2CENTRO","2476","115992","C2C-CENTRO-115992-2476-FIJA","1"
"C2CENTRO","10166","10166","C2C-ASTURI-10166-10166-PTZ","1"
"C2CENTRO","6198","116812","C2C-CENTRO-116812-6198-FIJA","1"
"C2CENTRO","2243","104347","C2C-MORELO-104347-2243-FIJA","1"
"C2CENTRO","5333","110076","C2C-ANGEL-110076-5333-FIJA","1"
"C2CENTRO","10109","10109","C2C-ANGEL-10109-10109-PTZ","1"
"C2CENTRO","5417","130027","C2C-TLATEL-130027-5417-FIJA","1"
"C2CENTRO","10146","10146","C2C-CENTRO-10146-10146-PTZ","1"
"C2CENTRO","5358","116997","C2C-ANGEL-116997-5358-FIJA","1"
"C2CENTRO","10149","130229","C2C-ANGEL-130229-10149-FIJA","1"
"C2CENTRO","7749","130165","C2C-TLATEL-130165-7749-FIJA","1"
"C2CENTRO","2601","117423","C2C-ASTURI-117423-2601-FIJA","1"
"C2CENTRO","8085","115885","C2C-ASTURI-115885-8085-FIJA","1"
"C2CENTRO","2461","104580","C2C-CENTRO-104580-2461-FIJA","1"
"C2CENTRO","2481","116500","C2C-MORELO-116500-2481-FIJA","1"
"C2CENTRO","6209","121818","C2C-BUENAV-121818-6209-FIJA","1"
"C2CENTRO","8023","130184","C2C-ROMA-130184-8023-FIJA","1"
"C2CENTRO","2349","104480","C2C-BUENAV-104480-2349-FIJA","1"
"C2CENTRO","9153","116769","C2C-TLATEL-116769-9153-FIJA","1"
"C2CENTRO","478","101309","C2C-BUENAV-101309-478-FIJA","1"
"C2CENTRO","2382","114931","C2C-TLATEL-114931-2382-4K","1"
"C2CENTRO","2393","114823","C2C-ROMA-114823-2393-4K","1"
"C2CENTRO","2382","104515","C2C-TLATEL-104515-2382-FIJA","1"
"C2CENTRO","5359","118124","C2C-BUENAV-118124-5359-FIJA","1"
"C2CENTRO","8037","118052","C2C-ROMA-118052-8037-FIJA","1"
"C2CENTRO","10317","180171","C2C-TLATEL-180171-10317-FIJA","1"
"C2CENTRO","2255","122000","C2C-MORELO-122000-2255-FIJA","1"
"C2CENTRO","10149","130230","C2C-ANGEL-130230-10149-FIJA","1"
"C2CENTRO","8023","130181","C2C-ROMA-130181-8023-FIJA","1"
"C2CENTRO","2401","2401","C2C-BUENAV-2401-2401-PTZ","1"
"C2CENTRO","1322","115848","C2C-TLATEL-115848-1322-FIJA","1"
"C2CENTRO","2512","106230","C2C-ALAMED-106230-2512-FIJA","1"
"C2CENTRO","2247","104356","C2C-MORELO-104356-2247-FIJA","1"
"C2CENTRO","2603","104693","C2C-ROMA-104693-2603-FIJA","1"
"C2CENTRO","2634","116445","C2C-ROMA-116445-2634-FIJA","1"
"C2CENTRO","2354","115994","C2C-BUENAV-115994-2354-FIJA","1"
"C2CENTRO","6198","6198","C2C-CENTRO-6198-6198-PTZ","1"
"C2CENTRO","6718","130118","C2C-BUENAV-130118-6718-FIJA","1"
"C2CENTRO","2285","2285","C2C-ASTURI-2285-2285-PTZ","1"
"C2CENTRO","6679","125746","C2C-CENTRO-125746-6679-FIJA","1"
"C2CENTRO","5225","109860","C2C-ANGEL-109860-5225-FIJA","1"
"C2CENTRO","2420","104535","C2C-ROMA-104535-2420-FIJA","1"
"C2CENTRO","2350","116516","C2C-BUENAV-116516-2350-FIJA","1"
"C2CENTRO","2","100005","C2C-ALAMED-100005-2-FIJA","1"
"C2CENTRO","6642","6642","C2C-BUENAV-6642-6642-PTZ","1"
"C2CENTRO","2393","104518","C2C-ROMA-104518-2393-FIJA","1"
"C2CENTRO","2262","104377","C2C-ASTURI-104377-2262-FIJA","1"
"C2CENTRO","94","100239","C2C-ALAMED-100239-94-FIJA","1"
"C2CENTRO","2512","106231","C2C-ALAMED-106231-2512-FIJA","1"
"C2CENTRO","2610","2610","C2C-ROMA-2610-2610-PTZ","1"
"C2CENTRO","10537","10537","C2C-MORELO-10537-10537-PTZ","1"
"C2CENTRO","9153","116771","C2C-TLATEL-116771-9153-FIJA","1"
"C2CENTRO","2519","116099","C2C-ROMA-116099-2519-FIJA","1"
"C2CENTRO","2476","2476","C2C-CENTRO-2476-2476-PTZ","1"
"C2CENTRO","10569","130259","C2C-TLATEL-130259-10569-FIJA","1"
"C2CENTRO","2228","2228","C2C-ASTURI-2228-2228-PTZ","1"
"C2CENTRO","2468","116211","C2C-TLATEL-116211-2468-FIJA","1"
"C2CENTRO","872","102280","C2C-ROMA-102280-872-FIJA","1"
"C2CENTRO","6203","6203","C2C-ROMA-6203-6203-PTZ","1"
"C2CENTRO","10579","130261","C2C-ANGEL-130261-10579-FIJA","1"
"C2CENTRO","2208","114923","C2C-CENTRO-114923-2208-4K","1"
"C2CENTRO","5338","110087","C2C-ANGEL-110087-5338-FIJA","1"
"C2CENTRO","2396","2396","C2C-BUENAV-2396-2396-PTZ","1"
"C2CENTRO","2350","2350","C2C-BUENAV-2350-2350-PTZ","1"
"C2CENTRO","2573","2573","C2C-ROMA-2573-2573-PTZ","1"
"C2CENTRO","5340","109565","C2C-ANGEL-109565-5340-FIJA","1"
"C2CENTRO","10569","130257","C2C-TLATEL-130257-10569-FIJA","1"
"C2CENTRO","10529","10529","C2C-BUENAV-10529-10529-PTZ","1"
"C2CENTRO","2300","2300","C2C-ASTURI-2300-2300-PTZ","1"
"C2CENTRO","5371","117438","C2C-ANGEL-117438-5371-FIJA","1"
"C2CENTRO","2393","104520","C2C-ROMA-104520-2393-FIJA","1"
"C2CENTRO","2506","2506","C2C-ALAMED-2506-2506-PTZ","1"
"C2CENTRO","477","101306","C2C-BUENAV-101306-477-FIJA","1"
"C2CENTRO","136","100365","C2C-ALAMED-100365-136-FIJA","1"
"C2CENTRO","6730","6730","C2C-BUENAV-6730-6730-PTZ","1"
"C2CENTRO","2208","104281","C2C-CENTRO-104281-2208-FIJA","1"
"C2CENTRO","1667","103737","C2C-CENTRO-103737-1667-FIJA","1"
"C2CENTRO","6679","125745","C2C-CENTRO-125745-6679-FIJA","1"
"C2CENTRO","2393","2393","C2C-ROMA-2393-2393-PTZ","1"
"C2CENTRO","10579","10579","C2C-ANGEL-10579-10579-PTZ","1"
"C2CENTRO","1343","103140","C2C-ANGEL-103140-1343-FIJA","1"
"C2CENTRO","2347","104476","C2C-BUENAV-104476-2347-FIJA","1"
"C2CENTRO","7737","113343","C2C-TLATEL-113343-7737-FIJA","1"
"C2CENTRO","1345","180009","C2C-CENTRO-180009-1345-FIJA","1"
"C2CENTRO","8024","118036","C2C-ROMA-118036-8024-FIJA","1"
"C2CENTRO","5337","110084","C2C-ANGEL-110084-5337-FIJA","1"
"C2CENTRO","5220","5220","C2C-ANGEL-5220-5220-PTZ","1"
"C2CENTRO","5359","118123","C2C-BUENAV-118123-5359-FIJA","1"
"C2CENTRO","2527","116158","C2C-CENTRO-116158-2527-FIJA","1"
"C2CENTRO","2395","116819","C2C-BUENAV-116819-2395-FIJA","1"
"C2CENTRO","7848","113463","C2C-ANGEL-113463-7848-FIJA","1"
"C2CENTRO","2420","104534","C2C-ROMA-104534-2420-FIJA","1"
"C2CENTRO","10142","122704","C2C-CENTRO-122704-10142-FIJA","1"
"C2CENTRO","2620","2620","C2C-ROMA-2620-2620-PTZ","1"
"C2CENTRO","17421","121552","C2C-MORELO-121552-17421-FIJA","1"
"C2CENTRO","2639","117446","C2C-ROMA-117446-2639-FIJA","1"
"C2CENTRO","10061","117406","C2C-ANGEL-117406-10061-FIJA","1"
"C2CENTRO","10619","115032","C2C-TLATEL-115032-10619-FIJA","1"
"C2CENTRO","2420","2420","C2C-ROMA-2420-2420-PTZ","1"
"C2CENTRO","6679","6679","C2C-CENTRO-6679-6679-PTZ","1"
"C2CENTRO","10158","10158","C2C-ANGEL-10158-10158-PTZ","1"
"C2CENTRO","2203","116243","C2C-ALAMED-116243-2203-FIJA","1"
"C2CENTRO","2609","116385","C2C-ROMA-116385-2609-FIJA","1"
"C2CENTRO","2478","180092","C2C-CENTRO-180092-2478-FIJA","1"
"C2CENTRO","6638","6638","C2C-ASTURI-6638-6638-PTZ","1"
"C2CENTRO","471","101292","C2C-TLATEL-101292-471-FIJA","1"
"C2CENTRO","6658","6658","C2C-BUENAV-6658-6658-PTZ","1"
"C2CENTRO","2381","2381","C2C-BUENAV-2381-2381-PTZ","1"
"C2CENTRO","10200","10200","C2C-ROMA-10200-10200-PTZ","1"
"C2CENTRO","10569","10569","C2C-TLATEL-10569-10569-PTZ","1"
"C2CENTRO","5371","5371","C2C-ANGEL-5371-5371-PTZ","1"
"C2CENTRO","6658","130077","C2C-BUENAV-130077-6658-FIJA","1"
"C2CENTRO","9107","9107","C2C-ASTURI-9107-9107-PTZ","1"
"C2CENTRO","2468","116209","C2C-TLATEL-116209-2468-FIJA","1"
"C2CENTRO","2640","116245","C2C-ROMA-116245-2640-FIJA","1"
"C2CENTRO","10292","130237","C2C-BUENAV-130237-10292-FIJA","1"
"C2CENTRO","2451","117313","C2C-CENTRO-117313-2451-FIJA","1"
"C2CENTRO","10614","118683","C2C-TLATEL-118683-10614-FIJA","1"
"C2CENTRO","754","117115","C2C-ROMA-117115-754-FIJA","1"
"C2CENTRO","7976","7976","C2C-ALAMED-7976-7976-PTZ","1"
"C2CENTRO","2382","2382","C2C-TLATEL-2382-2382-PTZ","1"
"C2CENTRO","10115","120427","C2C-ALAMED-120427-10115-FIJA","1"
"C2CENTRO","6707","111945","C2C-BUENAV-111945-6707-FIJA","1"
"C2CENTRO","10521","130246","C2C-BUENAV-130246-10521-FIJA","1"
"C2CENTRO","8072","8072","C2C-ASTURI-8072-8072-PTZ","1"
"C2CENTRO","10136","10136","C2C-ALAMED-10136-10136-PTZ","1"
"C2CENTRO","10178","10178","C2C-TLATEL-10178-10178-PTZ","1"
"C2CENTRO","8036","8036","C2C-ROMA-8036-8036-PTZ","1"
"C2CENTRO","2264","104386","C2C-ASTURI-104386-2264-FIJA","1"
"C2CENTRO","2566","104645","C2C-MORELO-104645-2566-FIJA","1"
"C2CENTRO","5338","110085","C2C-ANGEL-110085-5338-FIJA","1"
"C2CENTRO","10512","119360","C2C-BUENAV-119360-10512-FIJA","1"
"C2CENTRO","2255","122001","C2C-MORELO-122001-2255-FIJA","1"
"C2CENTRO","2365","116607","C2C-BUENAV-116607-2365-FIJA","1"
"C2CENTRO","8042","8042","C2C-ROMA-8042-8042-PTZ","1"
"C2CENTRO","5351","110096","C2C-BUENAV-110096-5351-FIJA","1"
"C2CENTRO","2515","116095","C2C-ALAMED-116095-2515-FIJA","1"
"C2CENTRO","2682","104747","C2C-ANGEL-104747-2682-FIJA","1"
"C2CENTRO","5368","5368","C2C-ANGEL-5368-5368-PTZ","1"
"C2CENTRO","6637","130062","C2C-ROMA-130062-6637-FIJA","1"
"C2CENTRO","132","100354","C2C-TLATEL-100354-132-FIJA","1"
"C2CENTRO","2312","180027","C2C-ASTURI-180027-2312-FIJA","1"
"C2CENTRO","2639","117448","C2C-ROMA-117448-2639-FIJA","1"
"C2CENTRO","2208","104282","C2C-CENTRO-104282-2208-FIJA","1"
"C2CENTRO","2431","104538","C2C-ROMA-104538-2431-FIJA","1"
"C2CENTRO","2393","104517","C2C-ROMA-104517-2393-FIJA","1"
"C2CENTRO","5376","117254","C2C-ANGEL-117254-5376-FIJA","1"
"C2CENTRO","2337","104455","C2C-BUENAV-104455-2337-FIJA","1"
"C2CENTRO","8035","104511","C2C-ROMA-104511-8035-FIJA","1"
"C2CENTRO","2578","2578","C2C-ASTURI-2578-2578-PTZ","1"
"C2CENTRO","6750","130147","C2C-TLATEL-130147-6750-FIJA","1"
"C2CENTRO","17236","17236","C2C-ASTURI-17236-17236-PTZ","1"
"C2CENTRO","490","180007","C2C-CENTRO-180007-490-FIJA","1"
"C2CENTRO","2270","116798","C2C-ASTURI-116798-2270-FIJA","1"
"C2CENTRO","1354","103155","C2C-ALAMED-103155-1354-FIJA","1"
"C2CENTRO","6679","125743","C2C-CENTRO-125743-6679-FIJA","1"
"C2CENTRO","2448","2448","C2C-CENTRO-2448-2448-PTZ","1"
"C2CENTRO","2422","116451","C2C-CENTRO-116451-2422-FIJA","1"
"C2CENTRO","5399","116346","C2C-ANGEL-116346-5399-FIJA","1"
"C2CENTRO","10136","122698","C2C-ALAMED-122698-10136-FIJA","1"
"C2CENTRO","8048","8048","C2C-BUENAV-8048-8048-PTZ","1"
"C2CENTRO","2191","117803","C2C-CENTRO-117803-2191-FIJA","1"
"C2CENTRO","6640","6640","C2C-MORELO-6640-6640-PTZ","1"
"C2CENTRO","7851","113470","C2C-ANGEL-113470-7851-FIJA","1"
"C2CENTRO","8083","120656","C2C-ASTURI-120656-8083-FIJA","1"
"C2CENTRO","2596","117674","C2C-ROMA-117674-2596-FIJA","1"
"C2CENTRO","2630","116924","C2C-ROMA-116924-2630-FIJA","1"
"C2CENTRO","17414","121523","C2C-MORELO-121523-17414-FIJA","1"
"C2CENTRO","471","101291","C2C-TLATEL-101291-471-FIJA","1"
"C2CENTRO","9509","122634","C2C-BUENAV-122634-9509-FIJA","1"
"C2CENTRO","1322","1322","C2C-TLATEL-1322-1322-PTZ","1"
"C2CENTRO","10003","10003","C2C-BUENAV-10003-10003-PTZ-20M","1"
"C2CENTRO","6203","117166","C2C-ROMA-117166-6203-FIJA","1"
"C2CENTRO","2650","118117","C2C-ROMA-118117-2650-FIJA","1"
"C2CENTRO","8023","130183","C2C-ROMA-130183-8023-FIJA","1"
"C2CENTRO","5351","5351","C2C-BUENAV-5351-5351-PTZ","1"
"C2CENTRO","467","130269","C2C-TLATEL-130269-467-FIJA","1"
"C2CENTRO","6209","121815","C2C-BUENAV-121815-6209-FIJA","1"
"C2CENTRO","2475","2475","C2C-CENTRO-2475-2475-PTZ","1"
"C2CENTRO","10569","130260","C2C-TLATEL-130260-10569-FIJA","1"
"C2CENTRO","2301","2301","C2C-ASTURI-2301-2301-PTZ","1"
"C2CENTRO","2619","116994","C2C-ROMA-116994-2619-FIJA","1"
"C2CENTRO","5349","116421","C2C-ANGEL-116421-5349-FIJA","1"
"C2CENTRO","2382","104516","C2C-TLATEL-104516-2382-FIJA","1"
"C2CENTRO","2336","2336","C2C-BUENAV-2336-2336-PTZ","1"
"C2CENTRO","6658","130079","C2C-BUENAV-130079-6658-FIJA","1"
"C2CENTRO","10234","10234","C2C-ASTURI-10234-10234-PTZ","1"
"C2CENTRO","10245","10245","C2C-TLATEL-10245-10245-PTZ","1"
"C2CENTRO","10008","10008","C2C-ASTURI-10008-10008-PTZ-20M","1"
"C2CENTRO","2269","2269","C2C-ASTURI-2269-2269-PTZ","1"
"C2CENTRO","8064","8064","C2C-ROMA-8064-8064-PTZ","1"
"C2CENTRO","6714","117950","C2C-ROMA-117950-6714-FIJA","1"
"C2CENTRO","6704","6704","C2C-ALAMED-6704-6704-PTZ","1"
"C2CENTRO","6203","117165","C2C-ROMA-117165-6203-FIJA","1"
"C2CENTRO","5224","109853","C2C-ANGEL-109853-5224-FIJA","1"
"C2CENTRO","2329","2329","C2C-ASTURI-2329-2329-PTZ","1"
"C2CENTRO","2319","104434","C2C-ROMA-104434-2319-FIJA","1"
"C2CENTRO","5224","5224","C2C-ANGEL-5224-5224-PTZ","1"
"C2CENTRO","2384","2384","C2C-BUENAV-2384-2384-PTZ","1"
"C2CENTRO","10291","10291","C2C-ANGEL-10291-10291-PTZ","1"
"C2CENTRO","10292","130240","C2C-BUENAV-130240-10292-FIJA","1"
"C2CENTRO","2540","115897","C2C-ASTURI-115897-2540-FIJA","1"
"C2CENTRO","2262","2262","C2C-ASTURI-2262-2262-PTZ","1"
"C2CENTRO","10292","130238","C2C-BUENAV-130238-10292-FIJA","1"
"C2CENTRO","2503","116181","C2C-ALAMED-116181-2503-FIJA","1"
"C2CENTRO","10491","10491","C2C-ASTURI-10491-10491-PTZ","1"
"C2CENTRO","492","117718","C2C-ALAMED-117718-492-FIJA","1"
"C2CENTRO","2476","115990","C2C-CENTRO-115990-2476-FIJA","1"
"C2CENTRO","10292","130239","C2C-BUENAV-130239-10292-FIJA","1"
"C2CENTRO","6677","6677","C2C-BUENAV-6677-6677-PTZ","1"
"C2CENTRO","2512","2512","C2C-ALAMED-2512-2512-PTZ","1"
"C2CENTRO","6663","117527","C2C-ASTURI-117527-6663-FIJA","1"
"C2CENTRO","10115","120428","C2C-ALAMED-120428-10115-FIJA","1"
"C2CENTRO","10061","10061","C2C-ANGEL-10061-10061-PTZ","1"
"C2CENTRO","5448","5448","C2C-ANGEL-5448-5448-PTZ","1"
"C2CENTRO","5359","5359","C2C-BUENAV-5359-5359-PTZ","1"
"C2CENTRO","481","101313","C2C-BUENAV-101313-481-FIJA","1"
"C2CENTRO","10484","122726","C2C-CENTRO-122726-10484-FIJA","1"
"C2CENTRO","2578","119487","C2C-ASTURI-119487-2578-FIJA","1"
"C2CENTRO","2212","116012","C2C-ALAMED-116012-2212-FIJA","1"
"C2CENTRO","10579","130262","C2C-ANGEL-130262-10579-FIJA","1"
"C2CENTRO","2389","116045","C2C-ROMA-116045-2389-FIJA","1"
"C2CENTRO","2413","180048","C2C-CENTRO-180048-2413-FIJA","1"
"C2CENTRO","2368","116315","C2C-BUENAV-116315-2368-FIJA","1"
"C2CENTRO","6730","121298","C2C-BUENAV-121298-6730-FIJA","1"
"C2CENTRO","2660","117677","C2C-ROMA-117677-2660-FIJA","1"
"C2CENTRO","2239","104343","C2C-ASTURI-104343-2239-FIJA","1"
"C2CENTRO","5351","110095","C2C-BUENAV-110095-5351-FIJA","1"
"C2CENTRO","6205","115378","C2C-ASTURI-115378-6205-FIJA","1"
"C2CENTRO","7955","113713","C2C-ANGEL-113713-7955-FIJA","1"
"C2CENTRO","2319","104435","C2C-ROMA-104435-2319-FIJA","1"
"C2CENTRO","2329","104438","C2C-ASTURI-104438-2329-FIJA","1"
"C2CENTRO","6679","125744","C2C-CENTRO-125744-6679-FIJA","1"
"C2CENTRO","2448","180066","C2C-CENTRO-180066-2448-FIJA","1"
"C2CENTRO","8035","104512","C2C-ROMA-104512-8035-FIJA","1"
"C2CENTRO","10307","115013","C2C-ANGEL-115013-10307-FIJA","1"
"C2CENTRO","8047","8047","C2C-BUENAV-8047-8047-PTZ","1"
"C2CENTRO","2639","117445","C2C-ROMA-117445-2639-FIJA","1"